groupCount,seed
465,1
88,1
160,1
388,1
25,1
152,1
19,1
322,1
708,1
25,1
204,1
133,1
148,1
77,1
181,1
81,1
164,1
23,1
212,1
67,1
486,1
113,1
314,1
148,1
281,1
229,1
463,1
229,1
84,1
144,1
208,1
285,1
156,1
376,1
137,1
25,1
307,1
231,1
63,1
975,1
202,1
81,1
743,1
164,1
206,1
19,1
426,1
339,1
193,1
150,1
504,1
71,1
175,1
119,1
251,1
164,1
81,1
227,1
399,1
421,1
457,1
38,1
249,1
96,1
397,1
100,1
88,1
272,1
100,1
181,1
108,1
395,1
88,1
913,1
152,1
79,1
27,1
158,1
150,1
915,1
301,1
195,1
285,1
274,1
336,1
75,1
36,1
610,1
59,1
52,1
471,1
77,1
166,1
504,1
251,1
71,1
220,1
231,1
679,1
185,1
6383,1
23,1
112,1
382,1
75,1
451,1
117,1
295,1
1025,1
326,1
61,1
75,1
235,1
127,1
100,1
239,1
536,1
208,1
27,1
496,1
438,1
245,1
131,1
79,1
92,1
216,1
164,1
386,1
21,1
40,1
533,1
83,1
148,1
61,1
341,1
592,1
855,1
100,1
171,1
270,1
21,1
102,1
160,1
34,1
851,1
46,1
247,1
204,1
276,1
204,1
84,1
96,1
160,1
264,1
135,1
112,1
465,1
104,1
204,1
233,1
23,1
36,1
36,1
258,1
392,1
490,1
183,1
36,1
63,1
1015,1
110,1
189,1
100,1
54,1
25,1
573,1
583,1
343,1
65,1
59,1
280,1
34,1
411,1
204,1
162,1
115,1
25,1
146,1
32,1
54,1
88,1
139,1
243,1
19,1
183,1
156,1
330,1
181,1
79,1
214,1
612,1
266,1
36,1
517,1
363,1
108,1
467,1
305,1
233,1
558,1
220,1
86,1
218,1
30,1
318,1
191,1
330,1
963,1
253,1
598,1
54,1
457,1
305,1
633,1
133,1
152,1
112,1
589,1
48,1
142,1
102,1
347,1
3022,1
224,1
878,1
90,1
56,1
106,1
444,1
488,1
61,1
148,1
73,1
73,1
575,1
218,1
4708,1
359,1
54,1
220,1
185,1
197,1
7016,1
121,1
117,1
220,1
612,1
212,1
258,1
338,1
71,1
237,1
677,1
1062,1
160,1
71,1
287,1
855,1
249,1
305,1
34,1
86,1
100,1
322,1
376,1
92,1
36,1
21,1
399,1
293,1
166,1
61,1
92,1
231,1
34,1
61,1
59,1
258,1
104,1
83,1
34,1
592,1
168,1
30,1
334,1
212,1
338,1
139,1
90,1
318,1
241,1
276,1
500,1
645,1
86,1
36,1
506,1
225,1
56,1
164,1
376,1
156,1
140,1
73,1
34,1
110,1
757,1
413,1
351,1
181,1
324,1
156,1
94,1
63,1
81,1
349,1
83,1
206,1
162,1
181,1
75,1
21,1
7619,1
133,1
616,1
523,1
57,1
21,1
278,1
131,1
166,1
581,1
32,1
28,1
48,1
25,1
343,1
463,1
135,1
849,1
84,1
670,1
121,1
214,1
32,1
144,1
523,1
276,1
341,1
349,1
909,1
616,1
473,1
40,1
169,1
1012,1
198,1
50,1
310,1
25,1
40,1
40,1
133,1
108,1
394,1
478,1
150,1
212,1
115,1
762,1
44,1
160,1
320,1
305,1
558,1
100,1
127,1
42,1
222,1
419,1
108,1
121,1
347,1
197,1
602,1
112,1
942,1
598,1
851,1
635,1
403,1
195,1
1182,1
307,1
125,1
264,1
166,1
198,1
56,1
214,1
67,1
328,1
42,1
92,1
90,1
197,1
36,1
262,1
488,1
127,1
312,1
546,1
496,1
150,1
204,1
399,1
419,1
88,1
345,1
189,1
140,1
395,1
28,1
164,1
102,1
19,1
104,1
345,1
204,1
208,1
204,1
747,1
254,1
104,1
227,1
911,1
258,1
336,1
127,1
674,1
281,1
635,1
133,1
395,1
347,1
115,1
48,1
146,1
2740,1
127,1
386,1
144,1
98,1
94,1
602,1
440,1
140,1
34,1
56,1
44,1
372,1
268,1
19,1
755,1
77,1
28,1
637,1
289,1
339,1
293,1
407,1
30,1
264,1
50,1
291,1
137,1
173,1
245,1
61,1
341,1
200,1
256,1
598,1
251,1
44,1
328,1
533,1
32,1
102,1
44,1
92,1
56,1
142,1
575,1
446,1
712,1
173,1
179,1
235,1
63,1
338,1
160,1
185,1
52,1
1089,1
251,1
48,1
303,1
258,1
30,1
48,1
185,1
106,1
372,1
428,1
341,1
253,1
92,1
131,1
119,1
562,1
222,1
40,1
102,1
197,1
38,1
129,1
297,1
113,1
5110,1
46,1
390,1
50,1
92,1
222,1
171,1
664,1
77,1
52,1
46,1
560,1
23,1
706,1
50,1
343,1
921,1
210,1
187,1
247,1
52,1
224,1
436,1
401,1
125,1
57,1
444,1
913,1
102,1
260,1
200,1
2116,1
214,1
164,1
235,1
664,1
239,1
169,1
309,1
683,1
229,1
361,1
382,1
842,1
171,1
643,1
44,1
507,1
28,1
148,1
88,1
562,1
247,1
123,1
117,1
83,1
56,1
46,1
204,1
554,1
48,1
173,1
256,1
139,1
86,1
113,1
287,1
127,1
278,1
152,1
48,1
92,1
21,1
399,1
693,1
131,1
419,1
57,1
44,1
166,1
309,1
79,1
1156,1
86,1
59,1
276,1
200,1
59,1
23,1
83,1
191,1
185,1
1523,1
139,1
218,1
40,1
419,1
193,1
23,1
168,1
61,1
214,1
368,1
1170,1
210,1
303,1
181,1
645,1
96,1
322,1
125,1
88,1
133,1
21,1
776,1
36,1
247,1
318,1
54,1
314,1
668,1
280,1
142,1
54,1
283,1
643,1
54,1
320,1
347,1
102,1
179,1
189,1
309,1
401,1
44,1
158,1
30,1
59,1
629,1
46,1
227,1
185,1
596,1
75,1
276,1
419,1
326,1
411,1
214,1
206,1
27,1
281,1
81,1
94,1
139,1
281,1
67,1
728,1
137,1
428,1
84,1
343,1
446,1
63,1
465,1
125,1
274,1
355,1
117,1
28,1
546,1
681,1
225,1
496,1
40,1
189,1
104,1
121,1
30,1
507,1
4838,1
110,1
229,1
96,1
386,1
146,1
390,1
46,1
21,1
115,1
208,1
225,1
256,1
158,1
413,1
2561,1
125,1
224,1
140,1
148,1
117,1
127,1
365,1
390,1
139,1
384,1
310,1
743,1
50,1
262,1
42,1
28,1
386,1
73,1
208,1
102,1
27,1
399,1
1097,1
61,1
310,1
254,1
67,1
81,1
884,1
322,1
380,1
164,1
245,1
637,1
21,1
61,1
28,1
538,1
63,1
71,1
84,1
112,1
36,1
67,1
759,1
245,1
177,1
274,1
249,1
436,1
115,1
69,1
181,1
241,1
687,1
235,1
579,1
239,1
92,1
104,1
139,1
88,1
743,1
164,1
187,1
171,1
1081,1
490,1
46,1
606,1
202,1
131,1
106,1
432,1
318,1
283,1
34,1
100,1
117,1
264,1
353,1
347,1
104,1
641,1
415,1
689,1
81,1
83,1
314,1
249,1
102,1
125,1
295,1
63,1
1168,1
117,1
177,1
46,1
413,1
152,1
349,1
48,1
239,1
882,1
154,1
30,1
189,1
100,1
531,1
283,1
318,1
30,1
117,1
243,1
168,1
225,1
540,1
137,1
853,1
27,1
48,1
185,1
67,1
104,1
32,1
326,1
158,1
345,1
32,1
71,1
67,1
30,1
40,1
341,1
316,1
506,1
324,1
112,1
363,1
498,1
287,1
656,1
177,1
65,1
83,1
154,1
104,1
115,1
142,1
108,1
189,1
104,1
50,1
326,1
264,1
59,1
88,1
108,1
169,1
57,1
160,1
57,1
293,1
27,1
757,1
334,1
666,1
471,1
413,1
270,1
129,1
533,1
399,1
451,1
216,1
370,1
100,1
69,1
79,1
92,1
36,1
187,1
235,1
388,1
156,1
65,1
69,1
94,1
54,1
23,1
67,1
38,1
301,1
156,1
237,1
297,1
310,1
77,1
208,1
475,1
119,1
189,1
662,1
106,1
382,1
115,1
90,1
264,1
1108,1
79,1
422,1
741,1
21,1
100,1
152,1
96,1
320,1
96,1
63,1
42,1
343,1
69,1
57,1
303,1
260,1
36,1
169,1
112,1
63,1
139,1
324,1
160,1
129,1
127,1
83,1
206,1
156,1
69,1
652,1
125,1
411,1
173,1
531,1
158,1
73,1
168,1
54,1
52,1
339,1
81,1
168,1
106,1
187,1
457,1
283,1
417,1
150,1
189,1
538,1
198,1
73,1
44,1
54,1
171,1
231,1
716,1
177,1
119,1
457,1
517,1
32,1
900,1
158,1
115,1
135,1
96,1
113,1
140,1
529,1
478,1
110,1
54,1
386,1
536,1
57,1
150,1
1098,1
677,1
135,1
104,1
264,1
469,1
44,1
57,1
50,1
1263,1
287,1
117,1
214,1
112,1
430,1
61,1
484,1
30,1
249,1
148,1
123,1
525,1
73,1
1201,1
108,1
133,1
21,1
840,1
382,1
552,1
430,1
73,1
42,1
5572,1
142,1
198,1
1054,1
56,1
204,1
305,1
697,1
59,1
59,1
48,1
52,1
115,1
307,1
54,1
63,1
181,1
627,1
198,1
54,1
54,1
119,1
171,1
536,1
73,1
19,1
28,1
67,1
417,1
46,1
44,1
1238,1
270,1
54,1
119,1
144,1
208,1
34,1
23,1
164,1
218,1
419,1
19,1
384,1
486,1
276,1
376,1
28,1
295,1
227,1
455,1
260,1
56,1
2074,1
25,1
175,1
944,1
40,1
183,1
467,1
137,1
737,1
1477,1
444,1
48,1
243,1
44,1
529,1
297,1
19,1
815,1
177,1
152,1
253,1
25,1
173,1
589,1
372,1
156,1
189,1
154,1
229,1
882,1
830,1
1083,1
139,1
77,1
2358,1
428,1
123,1
106,1
521,1
183,1
162,1
169,1
112,1
312,1
3206,1
251,1
166,1
4225,1
183,1
140,1
110,1
301,1
538,1
181,1
511,1
61,1
409,1
197,1
71,1
79,1
185,1
455,1
245,1
417,1
233,1
1156,1
816,1
148,1
34,1
287,1
961,1
747,1
691,1
56,1
79,1
32,1
158,1
77,1
546,1
133,1
332,1
243,1
90,1
100,1
73,1
258,1
386,1
200,1
81,1
42,1
251,1
115,1
179,1
181,1
697,1
251,1
867,1
23,1
502,1
32,1
152,1
235,1
148,1
365,1
701,1
202,1
283,1
214,1
42,1
90,1
54,1
309,1
173,1
372,1
137,1
368,1
131,1
237,1
27,1
100,1
366,1
436,1
121,1
169,1
112,1
538,1
197,1
81,1
370,1
764,1
200,1
229,1
86,1
81,1
488,1
139,1
419,1
395,1
36,1
309,1
158,1
46,1
370,1
100,1
268,1
34,1
48,1
436,1
237,1
152,1
21,1
193,1
106,1
92,1
511,1
477,1
73,1
276,1
283,1
25,1
52,1
531,1
156,1
214,1
63,1
608,1
32,1
110,1
191,1
139,1
121,1
133,1
197,1
40,1
214,1
247,1
191,1
56,1
28,1
446,1
185,1
399,1
210,1
204,1
77,1
131,1
191,1
92,1
339,1
81,1
61,1
140,1
57,1
714,1
152,1
695,1
168,1
46,1
140,1
50,1
179,1
152,1
86,1
90,1
135,1
81,1
496,1
500,1
119,1
513,1
929,1
46,1
722,1
121,1
115,1
457,1
245,1
220,1
108,1
84,1
25,1
48,1
216,1
191,1
100,1
162,1
417,1
496,1
278,1
44,1
38,1
32,1
92,1
171,1
115,1
117,1
79,1
619,1
156,1
57,1
38,1
110,1
421,1
27,1
419,1
193,1
67,1
459,1
139,1
158,1
23,1
332,1
560,1
204,1
328,1
92,1
173,1
674,1
139,1
83,1
415,1
198,1
473,1
312,1
90,1
229,1
59,1
77,1
32,1
168,1
168,1
94,1
542,1
123,1
115,1
133,1
100,1
326,1
1112,1
579,1
227,1
480,1
121,1
254,1
110,1
65,1
602,1
198,1
309,1
197,1
59,1
63,1
266,1
121,1
198,1
86,1
139,1
94,1
115,1
117,1
30,1
465,1
720,1
34,1
69,1
316,1
303,1
289,1
502,1
166,1
334,1
239,1
131,1
119,1
652,1
6966,1
21,1
618,1
137,1
332,1
291,1
297,1
142,1
216,1
21,1
212,1
871,1
334,1
687,1
305,1
264,1
169,1
415,1
339,1
527,1
231,1
112,1
224,1
212,1
50,1
38,1
245,1
177,1
253,1
457,1
135,1
818,1
444,1
457,1
57,1
83,1
46,1
328,1
46,1
56,1
30,1
135,1
251,1
200,1
1004,1
121,1
434,1
216,1
198,1
254,1
762,1
102,1
19,1
339,1
231,1
355,1
133,1
264,1
278,1
183,1
25,1
158,1
415,1
46,1
428,1
249,1
687,1
7652,1
50,1
150,1
46,1
102,1
71,1
448,1
119,1
1485,1
54,1
40,1
94,1
150,1
280,1
280,1
59,1
450,1
345,1
56,1
629,1
233,1
283,1
450,1
71,1
81,1
127,1
351,1
44,1
6225,1
113,1
117,1
297,1
351,1
121,1
405,1
79,1
119,1
25,1
733,1
351,1
200,1
148,1
34,1
227,1
171,1
179,1
382,1
567,1
75,1
212,1
102,1
86,1
104,1
113,1
96,1
616,1
181,1
100,1
115,1
135,1
691,1
181,1
535,1
225,1
108,1
104,1
46,1
305,1
21,1
121,1
314,1
27,1
7036,1
548,1
96,1
440,1
152,1
28,1
504,1
585,1
98,1
30,1
146,1
235,1
285,1
256,1
65,1
191,1
730,1
403,1
137,1
19,1
380,1
86,1
154,1
388,1
421,1
50,1
208,1
102,1
117,1
235,1
63,1
224,1
218,1
623,1
283,1
363,1
370,1
338,1
270,1
77,1
202,1
280,1
187,1
135,1
249,1
314,1
92,1
94,1
370,1
276,1
94,1
77,1
27,1
90,1
90,1
27,1
181,1
735,1
376,1
71,1
401,1
247,1
123,1
36,1
179,1
106,1
459,1
287,1
152,1
152,1
660,1
357,1
488,1
42,1
59,1
127,1
133,1
131,1
71,1
484,1
63,1
249,1
112,1
366,1
254,1
788,1
71,1
52,1
704,1
5902,1
442,1
108,1
50,1
229,1
413,1
69,1
237,1
137,1
63,1
183,1
291,1
67,1
782,1
824,1
349,1
129,1
197,1
218,1
212,1
214,1
210,1
531,1
127,1
214,1
281,1
30,1
1114,1
166,1
168,1
57,1
171,1
73,1
96,1
40,1
150,1
450,1
32,1
303,1
102,1
21,1
112,1
44,1
338,1
660,1
7864,1
127,1
25,1
280,1
83,1
214,1
459,1
266,1
903,1
156,1
162,1
1222,1
42,1
301,1
175,1
197,1
173,1
83,1
280,1
102,1
453,1
222,1
357,1
96,1
218,1
598,1
40,1
65,1
142,1
204,1
316,1
674,1
123,1
69,1
455,1
137,1
3366,1
129,1
19,1
457,1
305,1
822,1
343,1
75,1
780,1
237,1
316,1
231,1
94,1
262,1
494,1
349,1
411,1
27,1
299,1
81,1
218,1
2416,1
171,1
683,1
923,1
36,1
647,1
264,1
1170,1
243,1
113,1
241,1
48,1
233,1
121,1
305,1
7237,1
152,1
293,1
353,1
121,1
67,1
106,1
30,1
19,1
166,1
260,1
137,1
247,1
231,1
94,1
59,1
612,1
40,1
556,1
113,1
160,1
38,1
701,1
247,1
67,1
179,1
164,1
34,1
113,1
225,1
249,1
67,1
197,1
299,1
21,1
144,1
54,1
187,1
459,1
1307,1
260,1
65,1
162,1
652,1
54,1
123,1
129,1
154,1
301,1
177,1
567,1
193,1
73,1
3777,1
197,1
212,1
81,1
187,1
272,1
40,1
204,1
113,1
42,1
144,1
28,1
283,1
258,1
102,1
492,1
133,1
48,1
268,1
148,1
254,1
600,1
836,1
102,1
168,1
316,1
166,1
25,1
322,1
73,1
618,1
262,1
137,1
328,1
623,1
4264,1
554,1
353,1
299,1
75,1
75,1
328,1
359,1
150,1
401,1
314,1
374,1
204,1
272,1
171,1
160,1
285,1
314,1
365,1
281,1
171,1
295,1
94,1
46,1
592,1
98,1
544,1
577,1
57,1
544,1
459,1
139,1
38,1
328,1
627,1
137,1
2389,1
152,1
104,1
32,1
56,1
61,1
152,1
123,1
27,1
403,1
98,1
90,1
61,1
189,1
40,1
50,1
112,1
169,1
351,1
204,1
23,1
166,1
411,1
457,1
509,1
392,1
498,1
27,1
500,1
946,1
169,1
191,1
208,1
42,1
148,1
121,1
444,1
164,1
239,1
44,1
237,1
59,1
73,1
212,1
179,1
183,1
195,1
1585,1
450,1
54,1
65,1
73,1
299,1
390,1
175,1
137,1
148,1
185,1
169,1
281,1
27,1
243,1
77,1
156,1
32,1
280,1
372,1
374,1
57,1
546,1
276,1
573,1
36,1
280,1
517,1
86,1
482,1
96,1
71,1
59,1
48,1
113,1
1977,1
32,1
581,1
71,1
571,1
538,1
305,1
100,1
57,1
98,1
25,1
461,1
81,1
845,1
181,1
36,1
25,1
59,1
84,1
627,1
3113,1
268,1
421,1
81,1
102,1
104,1
670,1
48,1
370,1
139,1
25,1
171,1
515,1
168,1
171,1
484,1
336,1
79,1
562,1
125,1
84,1
125,1
75,1
142,1
166,1
343,1
160,1
1029,1
52,1
355,1
359,1
71,1
19,1
79,1
320,1
69,1
106,1
907,1
25,1
86,1
65,1
46,1
2460,1
349,1
162,1
546,1
235,1
84,1
54,1
229,1
38,1
206,1
436,1
307,1
113,1
527,1
1827,1
768,1
457,1
94,1
446,1
162,1
455,1
189,1
69,1
46,1
148,1
326,1
83,1
220,1
428,1
4847,1
54,1
187,1
477,1
326,1
297,1
144,1
198,1
144,1
237,1
112,1
54,1
108,1
104,1
378,1
900,1
876,1
127,1
56,1
243,1
183,1
197,1
1409,1
936,1
486,1
191,1
63,1
150,1
123,1
401,1
324,1
106,1
156,1
535,1
57,1
173,1
299,1
224,1
100,1
119,1
56,1
171,1
517,1
378,1
214,1
61,1
142,1
247,1
173,1
90,1
164,1
86,1
110,1
133,1
536,1
168,1
160,1
57,1
57,1
309,1
339,1
27,1
25,1
140,1
102,1
494,1
432,1
48,1
428,1
326,1
419,1
88,1
46,1
102,1
56,1
131,1
108,1
7403,1
54,1
175,1
96,1
366,1
73,1
239,1
283,1
169,1
34,1
119,1
44,1
316,1
113,1
34,1
531,1
168,1
233,1
451,1
220,1
548,1
56,1
133,1
332,1
56,1
247,1
44,1
50,1
264,1
137,1
430,1
160,1
154,1
251,1
164,1
488,1
253,1
923,1
378,1
274,1
5191,1
59,1
1098,1
216,1
289,1
54,1
185,1
703,1
243,1
478,1
357,1
326,1
635,1
75,1
164,1
256,1
921,1
312,1
92,1
25,1
112,1
482,1
444,1
88,1
168,1
206,1
48,1
861,1
648,1
140,1
612,1
183,1
457,1
469,1
44,1
316,1
50,1
548,1
61,1
171,1
125,1
100,1
210,1
96,1
104,1
71,1
88,1
253,1
227,1
343,1
544,1
42,1
388,1
81,1
202,1
162,1
96,1
56,1
446,1
67,1
1292,1
907,1
164,1
351,1
347,1
475,1
540,1
63,1
30,1
123,1
50,1
519,1
30,1
660,1
108,1
104,1
92,1
48,1
604,1
32,1
27,1
25,1
320,1
264,1
40,1
320,1
127,1
604,1
119,1
38,1
83,1
195,1
227,1
629,1
372,1
106,1
569,1
75,1
372,1
154,1
220,1
88,1
326,1
484,1
542,1
175,1
536,1
923,1
112,1
535,1
276,1
411,1
73,1
254,1
30,1
162,1
75,1
96,1
98,1
79,1
357,1
75,1
189,1
527,1
54,1
359,1
56,1
363,1
81,1
177,1
316,1
849,1
8309,1
336,1
25,1
193,1
243,1
46,1
600,1
1214,1
79,1
135,1
438,1
123,1
648,1
1187,1
77,1
251,1
84,1
218,1
46,1
73,1
189,1
353,1
274,1
79,1
133,1
465,1
253,1
166,1
146,1
36,1
56,1
301,1
8366,1
637,1
307,1
156,1
56,1
83,1
79,1
461,1
158,1
303,1
65,1
119,1
208,1
104,1
38,1
92,1
415,1
227,1
84,1
137,1
98,1
175,1
417,1
79,1
48,1
463,1
492,1
38,1
158,1
27,1
293,1
529,1
50,1
173,1
3974,1
48,1
477,1
618,1
27,1
280,1
23,1
133,1
281,1
434,1
160,1
1160,1
34,1
359,1
382,1
253,1
104,1
218,1
871,1
229,1
32,1
197,1
106,1
56,1
127,1
73,1
21,1
229,1
108,1
446,1
231,1
127,1
716,1
247,1
75,1
241,1
152,1
42,1
81,1
83,1
197,1
187,1
258,1
312,1
540,1
366,1
9214,1
52,1
65,1
596,1
142,1
1071,1
276,1
220,1
227,1
3306,1
100,1
243,1
229,1
59,1
426,1
482,1
160,1
380,1
156,1
28,1
268,1
496,1
83,1
426,1
513,1
318,1
459,1
521,1
164,1
399,1
79,1
50,1
146,1
133,1
395,1
73,1
152,1
187,1
189,1
129,1
131,1
359,1
743,1
63,1
278,1
760,1
79,1
148,1
262,1
674,1
625,1
30,1
57,1
274,1
343,1
102,1
591,1
104,1
88,1
786,1
224,1
374,1
253,1
525,1
502,1
86,1
5013,1
110,1
135,1
187,1
260,1
46,1
131,1
368,1
326,1
461,1
168,1
38,1
581,1
720,1
353,1
469,1
32,1
96,1
181,1
197,1
57,1
4884,1
36,1
131,1
56,1
616,1
81,1
106,1
251,1
307,1
131,1
274,1
283,1
179,1
106,1
175,1
119,1
343,1
376,1
144,1
718,1
102,1
573,1
158,1
7737,1
25,1
98,1
69,1
139,1
25,1
525,1
106,1
32,1
108,1
125,1
535,1
312,1
21,1
554,1
366,1
63,1
104,1
73,1
98,1
96,1
46,1
96,1
442,1
117,1
88,1
782,1
351,1
164,1
121,1
299,1
104,1
139,1
378,1
112,1
419,1
150,1
108,1
40,1
492,1
701,1
54,1
212,1
220,1
83,1
395,1
291,1
517,1
218,1
191,1
65,1
421,1
274,1
341,1
247,1
189,1
173,1
1008,1
40,1
1033,1
30,1
117,1
237,1
61,1
152,1
108,1
71,1
168,1
67,1
3217,1
36,1
567,1
451,1
6756,1
32,1
127,1
426,1
133,1
343,1
19,1
140,1
467,1
23,1
81,1
140,1
32,1
229,1
56,1
179,1
351,1
5802,1
125,1
349,1
264,1
54,1
90,1
50,1
996,1
59,1
129,1
231,1
222,1
253,1
54,1
189,1
562,1
195,1
604,1
332,1
212,1
224,1
216,1
102,1
83,1
65,1
351,1
256,1
81,1
177,1
581,1
822,1
48,1
283,1
407,1
368,1
562,1
241,1
482,1
442,1
193,1
285,1
260,1
56,1
305,1
372,1
19,1
202,1
30,1
266,1
164,1
921,1
5649,1
119,1
355,1
6263,1
281,1
177,1
482,1
179,1
492,1
63,1
42,1
567,1
220,1
222,1
156,1
156,1
198,1
104,1
451,1
1071,1
502,1
177,1
426,1
318,1
759,1
154,1
202,1
285,1
291,1
115,1
133,1
865,1
142,1
225,1
154,1
220,1
247,1
52,1
1348,1
867,1
19,1
158,1
67,1
73,1
1083,1
618,1
712,1
94,1
40,1
206,1
173,1
772,1
48,1
61,1
264,1
380,1
193,1
79,1
40,1
222,1
426,1
407,1
84,1
216,1
531,1
450,1
210,1
585,1
451,1
27,1
36,1
169,1
281,1
59,1
139,1
162,1
84,1
183,1
453,1
699,1
69,1
154,1
23,1
339,1
233,1
185,1
525,1
38,1
312,1
59,1
104,1
245,1
25,1
59,1
287,1
656,1
90,1
23,1
370,1
71,1
54,1
28,1
106,1
222,1
23,1
131,1
54,1
44,1
79,1
233,1
977,1
144,1
212,1
280,1
424,1
46,1
63,1
181,1
59,1
92,1
90,1
187,1
395,1
90,1
258,1
166,1
556,1
336,1
179,1
30,1
131,1
515,1
108,1
123,1
343,1
40,1
417,1
305,1
575,1
34,1
200,1
106,1
121,1
21,1
730,1
222,1
77,1
54,1
467,1
606,1
407,1
57,1
52,1
139,1
397,1
480,1
666,1
233,1
417,1
299,1
102,1
129,1
531,1
69,1
7080,1
61,1
168,1
38,1
237,1
86,1
484,1
193,1
71,1
42,1
486,1
185,1
32,1
392,1
152,1
92,1
562,1
202,1
83,1
113,1
338,1
206,1
589,1
200,1
171,1
42,1
256,1
179,1
353,1
289,1
353,1
258,1
515,1
6132,1
3045,1
94,1
365,1
162,1
137,1
32,1
328,1
169,1
886,1
110,1
102,1
332,1
307,1
542,1
293,1
129,1
297,1
148,1
79,1
233,1
168,1
140,1
351,1
289,1
693,1
233,1
415,1
83,1
245,1
59,1
382,1
119,1
1365,1
48,1
266,1
4577,1
455,1
112,1
115,1
108,1
27,1
69,1
185,1
266,1
112,1
309,1
351,1
438,1
133,1
34,1
88,1
156,1
69,1
365,1
212,1
106,1
100,1
71,1
52,1
235,1
511,1
397,1
353,1
278,1
52,1
216,1
115,1
158,1
260,1
822,1
239,1
341,1
42,1
69,1
428,1
185,1
318,1
21,1
378,1
521,1
641,1
421,1
27,1
247,1
25,1
135,1
123,1
154,1
195,1
30,1
171,1
204,1
65,1
448,1
144,1
264,1
71,1
139,1
197,1
2257,1
295,1
117,1
135,1
235,1
917,1
303,1
231,1
100,1
59,1
594,1
274,1
220,1
394,1
42,1
208,1
166,1
280,1
220,1
977,1
488,1
720,1
48,1
210,1
556,1
554,1
112,1
675,2
36,2
315,2
99,2
226,2
56,2
128,2
1191,2
191,2
86,2
23,2
103,2
512,2
201,2
21,2
50,2
1497,2
61,2
373,2
547,2
365,2
902,2
56,2
297,2
186,2
594,2
414,2
496,2
155,2
581,2
166,2
105,2
57,2
86,2
99,2
289,2
179,2
215,2
68,2
624,2
34,2
306,2
65,2
30,2
88,2
481,2
182,2
79,2
490,2
298,2
117,2
266,2
706,2
309,2
83,2
56,2
278,2
27,2
54,2
110,2
320,2
108,2
150,2
316,2
331,2
289,2
74,2
101,2
150,2
47,2
128,2
52,2
83,2
139,2
8295,2
264,2
48,2
152,2
570,2
23,2
297,2
36,2
367,2
115,2
90,2
54,2
56,2
38,2
21,2
41,2
264,2
188,2
275,2
70,2
141,2
217,2
606,2
583,2
163,2
1776,2
94,2
121,2
6134,2
97,2
266,2
6716,2
242,2
508,2
18,2
97,2
72,2
45,2
298,2
112,2
83,2
231,2
128,2
41,2
159,2
289,2
733,2
121,2
465,2
307,2
168,2
128,2
219,2
282,2
36,2
208,2
59,2
383,2
374,2
271,2
25,2
128,2
499,2
59,2
54,2
791,2
106,2
177,2
56,2
76,2
115,2
307,2
300,2
124,2
128,2
88,2
309,2
249,2
193,2
559,2
400,2
186,2
394,2
492,2
101,2
547,2
61,2
132,2
204,2
70,2
126,2
378,2
585,2
166,2
19,2
164,2
59,2
818,2
114,2
186,2
32,2
595,2
153,2
153,2
230,2
335,2
1376,2
235,2
300,2
172,2
268,2
90,2
18,2
440,2
68,2
170,2
278,2
97,2
101,2
679,2
246,2
581,2
70,2
438,2
173,2
27,2
201,2
30,2
268,2
451,2
115,2
117,2
470,2
48,2
1061,2
88,2
505,2
327,2
63,2
48,2
195,2
385,2
90,2
219,2
311,2
130,2
289,2
796,2
186,2
34,2
164,2
534,2
38,2
101,2
786,2
57,2
487,2
251,2
4770,2
416,2
92,2
54,2
599,2
50,2
81,2
81,2
79,2
228,2
121,2
30,2
441,2
353,2
182,2
108,2
228,2
1342,2
161,2
101,2
220,2
190,2
1021,2
152,2
182,2
43,2
47,2
271,2
34,2
374,2
1590,2
72,2
141,2
108,2
157,2
161,2
50,2
282,2
28,2
18,2
108,2
77,2
18,2
79,2
374,2
237,2
249,2
626,2
356,2
177,2
54,2
59,2
110,2
48,2
95,2
39,2
184,2
90,2
50,2
41,2
327,2
128,2
50,2
85,2
190,2
458,2
52,2
277,2
50,2
572,2
38,2
469,2
751,2
105,2
440,2
32,2
262,2
95,2
242,2
661,2
6229,2
190,2
182,2
67,2
280,2
150,2
112,2
83,2
161,2
159,2
99,2
224,2
72,2
257,2
273,2
68,2
95,2
447,2
101,2
83,2
110,2
137,2
21,2
48,2
226,2
32,2
565,2
170,2
570,2
95,2
597,2
287,2
217,2
182,2
70,2
260,2
233,2
144,2
128,2
123,2
74,2
396,2
666,2
28,2
132,2
41,2
181,2
211,2
313,2
23,2
48,2
103,2
230,2
655,2
199,2
264,2
50,2
259,2
662,2
110,2
224,2
358,2
675,2
382,2
175,2
23,2
423,2
7948,2
460,2
190,2
144,2
365,2
27,2
775,2
266,2
541,2
79,2
519,2
552,2
219,2
76,2
18,2
172,2
251,2
179,2
132,2
47,2
153,2
829,2
179,2
144,2
374,2
56,2
47,2
21,2
863,2
204,2
146,2
139,2
72,2
697,2
233,2
97,2
820,2
204,2
79,2
117,2
155,2
199,2
155,2
331,2
173,2
324,2
729,2
220,2
152,2
782,2
231,2
282,2
374,2
52,2
251,2
172,2
385,2
559,2
132,2
358,2
264,2
132,2
152,2
653,2
224,2
61,2
105,2
220,2
577,2
39,2
467,2
50,2
19,2
251,2
18,2
547,2
318,2
108,2
128,2
164,2
38,2
119,2
121,2
519,2
249,2
68,2
130,2
68,2
18,2
316,2
269,2
226,2
164,2
1999,2
1133,2
233,2
244,2
88,2
21,2
45,2
117,2
34,2
50,2
345,2
246,2
472,2
559,2
291,2
568,2
201,2
557,2
99,2
451,2
153,2
927,2
114,2
286,2
65,2
72,2
88,2
34,2
443,2
298,2
48,2
320,2
336,2
110,2
34,2
28,2
168,2
115,2
95,2
54,2
18,2
50,2
295,2
351,2
586,2
1097,2
306,2
382,2
481,2
70,2
25,2
143,2
201,2
184,2
460,2
693,2
340,2
240,2
286,2
179,2
231,2
894,2
34,2
48,2
269,2
152,2
28,2
21,2
389,2
77,2
27,2
48,2
646,2
1126,2
338,2
43,2
1441,2
63,2
5658,2
436,2
445,2
204,2
671,2
201,2
461,2
94,2
253,2
365,2
141,2
190,2
83,2
211,2
514,2
190,2
90,2
119,2
72,2
47,2
65,2
391,2
99,2
329,2
121,2
527,2
144,2
128,2
76,2
130,2
461,2
931,2
521,2
224,2
248,2
177,2
30,2
197,2
311,2
27,2
148,2
83,2
85,2
81,2
19,2
61,2
163,2
1854,2
825,2
28,2
32,2
54,2
70,2
202,2
143,2
349,2
106,2
34,2
184,2
412,2
54,2
45,2
21,2
88,2
539,2
63,2
3247,2
539,2
191,2
88,2
79,2
262,2
59,2
18,2
211,2
90,2
483,2
48,2
81,2
168,2
70,2
36,2
202,2
94,2
740,2
27,2
38,2
257,2
114,2
235,2
141,2
39,2
249,2
235,2
155,2
163,2
63,2
253,2
67,2
99,2
215,2
105,2
690,2
3090,2
364,2
335,2
425,2
43,2
202,2
237,2
327,2
59,2
577,2
36,2
181,2
86,2
383,2
97,2
38,2
23,2
1564,2
378,2
21,2
18,2
74,2
266,2
280,2
845,2
739,2
1079,2
170,2
219,2
105,2
1190,2
168,2
128,2
297,2
27,2
690,2
280,2
197,2
327,2
356,2
778,2
150,2
682,2
77,2
394,2
490,2
45,2
188,2
490,2
25,2
291,2
595,2
547,2
190,2
56,2
268,2
1135,2
57,2
79,2
345,2
74,2
275,2
326,2
335,2
4613,2
184,2
186,2
39,2
412,2
59,2
52,2
47,2
108,2
228,2
237,2
851,2
239,2
81,2
713,2
28,2
70,2
65,2
347,2
224,2
219,2
103,2
79,2
389,2
302,2
157,2
106,2
36,2
316,2
134,2
228,2
90,2
720,2
21,2
248,2
677,2
519,2
581,2
43,2
95,2
403,2
168,2
347,2
202,2
215,2
143,2
128,2
182,2
128,2
273,2
135,2
432,2
570,2
21,2
186,2
505,2
411,2
3901,2
94,2
25,2
101,2
405,2
173,2
128,2
2718,2
18,2
63,2
206,2
282,2
213,2
41,2
45,2
88,2
762,2
139,2
32,2
52,2
394,2
289,2
566,2
77,2
172,2
273,2
931,2
85,2
95,2
579,2
28,2
63,2
110,2
74,2
653,2
172,2
108,2
447,2
97,2
163,2
349,2
646,2
23,2
184,2
489,2
181,2
48,2
246,2
273,2
353,2
273,2
445,2
211,2
191,2
269,2
99,2
77,2
19,2
307,2
164,2
67,2
8223,2
57,2
217,2
135,2
657,2
7783,2
157,2
21,2
57,2
266,2
110,2
28,2
39,2
67,2
139,2
394,2
72,2
199,2
306,2
278,2
90,2
329,2
191,2
23,2
106,2
411,2
134,2
50,2
18,2
237,2
731,2
753,2
52,2
273,2
25,2
168,2
336,2
38,2
284,2
260,2
316,2
420,2
220,2
329,2
153,2
139,2
565,2
52,2
70,2
27,2
132,2
59,2
344,2
135,2
345,2
50,2
68,2
45,2
77,2
309,2
186,2
25,2
79,2
1003,2
277,2
188,2
287,2
25,2
77,2
163,2
333,2
124,2
159,2
371,2
248,2
54,2
360,2
144,2
99,2
95,2
423,2
32,2
391,2
45,2
355,2
583,2
237,2
255,2
86,2
32,2
1083,2
4280,2
297,2
391,2
253,2
335,2
30,2
132,2
336,2
202,2
110,2
1023,2
476,2
110,2
19,2
117,2
161,2
8685,2
289,2
86,2
52,2
405,2
126,2
896,2
114,2
777,2
25,2
32,2
541,2
306,2
403,2
134,2
655,2
123,2
146,2
512,2
47,2
438,2
306,2
306,2
246,2
601,2
30,2
217,2
68,2
157,2
92,2
34,2
81,2
21,2
110,2
146,2
239,2
5162,2
19,2
21,2
77,2
246,2
8265,2
152,2
101,2
282,2
86,2
425,2
28,2
103,2
199,2
376,2
36,2
50,2
119,2
331,2
85,2
92,2
373,2
775,2
95,2
224,2
306,2
327,2
974,2
27,2
215,2
103,2
418,2
451,2
121,2
201,2
161,2
393,2
201,2
412,2
235,2
128,2
130,2
217,2
128,2
19,2
99,2
79,2
86,2
313,2
23,2
95,2
751,2
612,2
52,2
25,2
202,2
336,2
143,2
197,2
39,2
97,2
186,2
313,2
47,2
19,2
38,2
262,2
34,2
287,2
161,2
88,2
67,2
8190,2
213,2
244,2
300,2
92,2
137,2
655,2
201,2
186,2
287,2
219,2
474,2
809,2
268,2
86,2
478,2
103,2
99,2
68,2
617,2
436,2
304,2
186,2
286,2
30,2
121,2
970,2
414,2
349,2
70,2
934,2
148,2
447,2
50,2
249,2
23,2
92,2
235,2
226,2
21,2
175,2
8326,2
36,2
266,2
599,2
77,2
56,2
97,2
144,2
371,2
329,2
374,2
307,2
385,2
188,2
592,2
79,2
81,2
240,2
556,2
94,2
416,2
519,2
220,2
208,2
239,2
38,2
146,2
108,2
387,2
240,2
88,2
43,2
126,2
650,2
182,2
36,2
291,2
213,2
88,2
403,2
251,2
255,2
95,2
342,2
141,2
88,2
525,2
349,2
28,2
260,2
130,2
38,2
385,2
181,2
45,2
50,2
193,2
833,2
628,2
548,2
518,2
362,2
586,2
34,2
135,2
108,2
456,2
170,2
246,2
112,2
329,2
688,2
182,2
103,2
188,2
144,2
139,2
298,2
41,2
331,2
217,2
273,2
1123,2
367,2
59,2
121,2
134,2
63,2
355,2
141,2
306,2
561,2
342,2
152,2
72,2
230,2
92,2
213,2
18,2
141,2
21,2
398,2
19,2
168,2
119,2
217,2
201,2
108,2
521,2
74,2
99,2
48,2
231,2
342,2
153,2
217,2
396,2
494,2
612,2
67,2
423,2
76,2
197,2
273,2
50,2
97,2
85,2
134,2
398,2
624,2
115,2
146,2
153,2
141,2
201,2
95,2
43,2
373,2
88,2
436,2
119,2
72,2
63,2
41,2
110,2
170,2
52,2
150,2
603,2
286,2
186,2
143,2
387,2
365,2
690,2
27,2
161,2
74,2
360,2
266,2
1530,2
311,2
360,2
38,2
577,2
496,2
233,2
5488,2
134,2
191,2
108,2
95,2
90,2
300,2
155,2
41,2
112,2
43,2
108,2
315,2
83,2
260,2
360,2
537,2
153,2
41,2
219,2
32,2
54,2
124,2
157,2
139,2
32,2
166,2
329,2
498,2
420,2
48,2
72,2
19,2
371,2
114,2
128,2
541,2
382,2
606,2
18,2
123,2
45,2
641,2
175,2
45,2
132,2
159,2
36,2
393,2
239,2
259,2
68,2
1019,2
101,2
137,2
110,2
45,2
43,2
440,2
206,2
277,2
112,2
112,2
157,2
7218,2
316,2
385,2
512,2
30,2
168,2
318,2
233,2
79,2
277,2
186,2
222,2
43,2
186,2
268,2
463,2
302,2
202,2
239,2
222,2
251,2
83,2
489,2
27,2
231,2
478,2
291,2
56,2
153,2
48,2
18,2
432,2
289,2
54,2
105,2
36,2
958,2
275,2
39,2
574,2
97,2
478,2
338,2
365,2
249,2
400,2
38,2
394,2
68,2
83,2
311,2
215,2
117,2
213,2
389,2
48,2
67,2
19,2
135,2
32,2
367,2
135,2
298,2
110,2
137,2
34,2
246,2
248,2
59,2
36,2
41,2
369,2
25,2
172,2
135,2
177,2
190,2
222,2
32,2
77,2
21,2
211,2
197,2
309,2
248,2
61,2
65,2
244,2
23,2
57,2
45,2
4252,2
45,2
121,2
54,2
748,2
99,2
164,2
79,2
139,2
34,2
186,2
124,2
170,2
38,2
59,2
277,2
181,2
230,2
159,2
191,2
54,2
153,2
166,2
117,2
103,2
18,2
387,2
273,2
278,2
461,2
237,2
244,2
306,2
206,2
76,2
38,2
351,2
347,2
432,2
27,2
260,2
21,2
287,2
56,2
23,2
108,2
121,2
630,2
56,2
103,2
434,2
240,2
326,2
237,2
572,2
1331,2
74,2
43,2
657,2
63,2
54,2
717,2
177,2
257,2
110,2
545,2
583,2
152,2
45,2
291,2
201,2
213,2
233,2
30,2
83,2
452,2
338,2
143,2
461,2
652,2
143,2
378,2
188,2
208,2
77,2
86,2
7520,2
77,2
307,2
213,2
257,2
188,2
175,2
405,2
128,2
157,2
412,2
34,2
112,2
231,2
72,2
175,2
124,2
929,2
287,2
295,2
378,2
293,2
28,2
280,2
345,2
575,2
61,2
19,2
885,2
182,2
344,2
92,2
282,2
297,2
293,2
235,2
150,2
153,2
202,2
228,2
1264,2
249,2
360,2
83,2
237,2
396,2
85,2
70,2
777,2
208,2
671,2
412,2
36,2
166,2
70,2
168,2
499,2
65,2
45,2
25,2
427,2
157,2
99,2
126,2
284,2
43,2
322,2
452,2
213,2
228,2
324,2
987,2
903,2
65,2
340,2
19,2
742,2
32,2
351,2
45,2
43,2
191,2
59,2
291,2
88,2
277,2
219,2
327,2
117,2
222,2
166,2
76,2
132,2
28,2
202,2
106,2
188,2
65,2
25,2
563,2
686,2
114,2
394,2
394,2
6904,2
152,2
188,2
85,2
92,2
77,2
65,2
41,2
94,2
201,2
313,2
271,2
440,2
592,2
56,2
61,2
106,2
34,2
383,2
307,2
202,2
79,2
304,2
36,2
65,2
182,2
652,2
172,2
365,2
239,2
92,2
21,2
574,2
65,2
157,2
391,2
947,2
429,2
25,2
349,2
307,2
141,2
123,2
50,2
563,2
90,2
52,2
43,2
945,2
273,2
414,2
512,2
297,2
364,2
30,2
280,2
387,2
159,2
813,2
19,2
25,2
117,2
7013,2
34,2
128,2
463,2
650,2
119,2
59,2
378,2
110,2
128,2
50,2
30,2
119,2
146,2
1097,2
213,2
249,2
293,2
262,2
382,2
65,2
273,2
541,2
32,2
547,2
85,2
512,2
150,2
88,2
510,2
403,2
280,2
242,2
771,2
68,2
268,2
862,2
38,2
4588,2
539,2
97,2
103,2
150,2
508,2
126,2
168,2
45,2
92,2
134,2
43,2
297,2
365,2
56,2
83,2
48,2
27,2
188,2
119,2
74,2
344,2
273,2
63,2
132,2
456,2
103,2
148,2
123,2
552,2
76,2
353,2
170,2
835,2
523,2
373,2
315,2
172,2
47,2
253,2
362,2
1708,2
566,2
19,2
130,2
231,2
132,2
1124,2
233,2
94,2
39,2
186,2
181,2
41,2
184,2
336,2
463,2
83,2
306,2
108,2
268,2
230,2
172,2
67,2
202,2
226,2
554,2
108,2
211,2
362,2
758,2
30,2
163,2
882,2
300,2
18,2
157,2
585,2
425,2
108,2
143,2
693,2
63,2
179,2
70,2
483,2
407,2
76,2
132,2
295,2
81,2
132,2
338,2
90,2
74,2
905,2
119,2
43,2
253,2
94,2
657,2
302,2
318,2
83,2
784,2
275,2
210,2
32,2
463,2
121,2
242,2
376,2
342,2
150,2
144,2
193,2
586,2
246,2
411,2
230,2
259,2
159,2
86,2
315,2
126,2
235,2
271,2
856,2
163,2
47,2
61,2
108,2
287,2
74,2
103,2
45,2
673,2
76,2
431,2
30,2
132,2
380,2
257,2
43,2
130,2
240,2
101,2
220,2
432,2
269,2
246,2
340,2
326,2
47,2
710,2
255,2
27,2
99,2
59,2
518,2
134,2
119,2
115,2
184,2
233,2
7265,2
30,2
347,2
302,2
230,2
137,2
347,2
143,2
474,2
137,2
336,2
311,2
124,2
242,2
41,2
108,2
186,2
4312,2
59,2
595,2
83,2
106,2
130,2
233,2
182,2
382,2
324,2
240,2
67,2
230,2
311,2
840,2
21,2
112,2
220,2
230,2
518,2
134,2
226,2
499,2
146,2
400,2
18,2
240,2
123,2
249,2
1224,2
155,2
293,2
65,2
306,2
143,2
6647,2
34,2
210,2
191,2
280,2
262,2
213,2
248,2
195,2
316,2
293,2
139,2
83,2
233,2
59,2
76,2
117,2
148,2
23,2
220,2
76,2
266,2
228,2
92,2
48,2
117,2
137,2
423,2
382,2
164,2
94,2
43,2
170,2
25,2
257,2
97,2
68,2
63,2
94,2
77,2
36,2
615,2
38,2
48,2
460,2
39,2
170,2
152,2
157,2
304,2
148,2
329,2
202,2
315,2
230,2
193,2
83,2
565,2
271,2
6705,2
21,2
30,2
159,2
246,2
81,2
230,2
369,2
184,2
458,2
240,2
177,2
315,2
146,2
458,2
67,2
114,2
157,2
144,2
119,2
157,2
39,2
112,2
405,2
186,2
28,2
48,2
307,2
324,2
43,2
170,2
19,2
318,2
97,2
79,2
402,2
164,2
94,2
105,2
228,2
527,2
106,2
496,2
244,2
57,2
141,2
224,2
507,2
126,2
367,2
21,2
206,2
422,2
197,2
251,2
94,2
172,2
253,2
23,2
52,2
182,2
259,2
228,2
467,2
21,2
105,2
143,2
300,2
289,2
45,2
260,2
382,2
41,2
219,2
90,2
226,2
242,2
295,2
126,2
61,2
115,2
141,2
117,2
99,2
298,2
635,2
32,2
152,2
347,2
787,2
159,2
79,2
25,2
43,2
97,2
65,2
148,2
88,2
574,2
1244,2
249,2
139,2
88,2
85,2
112,2
5883,2
27,2
168,2
38,2
307,2
412,2
112,2
48,2
208,2
365,2
161,2
83,2
333,2
77,2
85,2
74,2
50,2
39,2
235,2
505,2
670,2
335,2
47,2
516,2
28,2
170,2
374,2
92,2
358,2
585,2
101,2
25,2
592,2
48,2
28,2
32,2
177,2
106,2
181,2
41,2
65,2
355,2
190,2
56,2
25,2
8976,2
543,2
18,2
56,2
494,2
235,2
679,2
54,2
771,2
508,2
177,2
202,2
356,2
280,2
287,2
246,2
54,2
28,2
902,2
159,2
164,2
48,2
23,2
92,2
99,2
583,2
374,2
391,2
829,2
374,2
306,2
608,2
94,2
30,2
175,2
554,2
143,2
115,2
3664,2
94,2
25,2
255,2
248,2
262,2
121,2
38,2
168,2
68,2
376,2
115,2
54,2
27,2
416,2
32,2
18,2
255,2
41,2
112,2
786,2
293,2
23,2
50,2
201,2
43,2
422,2
452,2
418,2
1139,2
481,2
220,2
77,2
469,2
257,2
101,2
52,2
195,2
18,2
210,2
360,2
204,2
105,2
161,2
19,2
153,2
76,2
79,2
494,2
498,2
190,2
48,2
130,2
72,2
23,2
43,2
842,2
108,2
39,2
19,2
86,2
70,2
304,2
345,2
387,2
39,2
45,2
152,2
367,2
61,2
197,2
240,2
302,2
25,2
28,2
101,2
128,2
97,2
1358,2
179,2
47,2
1113,2
18,2
188,2
5439,2
18,2
54,2
570,2
278,2
39,2
146,2
729,2
97,2
201,2
67,2
92,2
650,2
191,2
70,2
50,2
456,2
36,2
5951,2
57,2
86,2
128,2
38,2
257,2
345,2
121,2
92,2
208,2
83,2
478,2
402,2
28,2
52,2
130,2
220,2
287,2
67,2
326,2
74,2
108,2
57,2
356,2
447,2
148,2
362,2
5129,2
240,2
181,2
27,2
3274,2
322,2
90,2
548,2
57,2
425,2
126,2
65,2
143,2
286,2
436,2
97,2
460,2
25,2
72,2
130,2
193,2
23,2
347,2
633,2
349,2
182,2
63,2
101,2
269,2
39,2
594,2
626,2
30,2
166,2
30,2
412,2
150,2
2035,2
23,2
27,2
150,2
201,2
63,2
273,2
168,2
699,2
150,2
85,2
38,2
550,2
353,2
208,2
50,2
753,2
249,2
157,2
219,2
72,2
139,2
21,2
166,2
48,2
336,2
318,2
266,2
45,2
249,2
474,2
18,2
201,2
59,2
157,2
1021,2
440,2
85,2
287,2
57,2
143,2
77,2
199,2
751,2
61,2
97,2
83,2
68,2
525,2
652,2
50,2
369,2
28,2
8493,2
68,2
378,2
18,2
523,2
21,2
1249,2
277,2
246,2
28,2
70,2
85,2
70,2
454,2
68,2
32,2
45,2
306,2
152,2
757,2
68,2
757,2
237,2
141,2
351,2
153,2
411,2
45,2
309,2
36,2
152,2
43,2
405,2
588,2
1697,2
139,2
132,2
157,2
204,2
61,2
25,2
108,2
36,2
297,2
204,2
21,2
175,2
124,2
259,2
56,2
27,2
148,2
554,2
139,2
601,2
52,2
286,2
863,2
217,2
282,2
248,2
157,2
309,2
322,2
1276,2
34,2
264,2
56,2
331,2
101,2
202,2
94,2
724,2
434,2
239,2
445,2
1195,2
121,2
385,2
402,2
4345,2
34,2
77,2
414,2
92,2
61,2
121,2
137,2
298,2
21,2
128,2
320,2
157,2
490,2
675,2
257,2
119,2
18,2
97,2
97,2
1137,2
244,2
155,2
94,2
52,2
25,2
86,2
356,2
114,2
101,2
420,2
121,2
34,2
23,2
57,2
108,2
302,2
67,2
215,2
32,2
28,2
67,2
19,2
38,2
144,2
175,2
286,2
1150,2
159,2
487,2
383,2
68,2
999,2
27,2
340,2
393,2
1295,2
105,2
753,2
150,2
114,2
253,2
231,2
190,2
88,2
461,2
130,2
90,2
48,2
45,2
88,2
355,2
557,2
68,2
268,2
121,2
28,2
85,2
204,2
21,2
617,2
197,2
77,2
112,2
260,2
199,2
57,2
289,2
277,2
27,2
1075,2
271,2
45,2
74,2
233,2
706,2
150,2
38,2
215,2
184,2
141,2
30,2
391,2
184,2
298,2
1979,2
581,2
34,2
95,2
45,2
57,2
34,2
4836,2
454,2
374,2
702,2
34,2
70,2
326,2
195,2
226,2
530,2
219,2
112,2
369,2
483,2
345,2
141,2
586,2
95,2
85,2
157,2
273,2
163,2
498,2
88,2
293,2
67,2
469,2
391,2
244,2
115,2
112,2
222,2
28,2
681,2
264,2
32,2
240,2
67,2
202,2
356,2
36,2
586,2
383,2
259,2
39,2
601,2
260,2
59,2
132,2
43,2
309,2
4566,2
57,2
110,2
451,2
934,2
48,2
57,2
61,2
132,2
324,2
400,2
77,2
269,2
101,2
449,2
266,2
458,2
27,2
465,2
184,2
244,2
327,2
253,2
68,2
277,2
220,2
226,2
144,2
358,2
32,2
2878,2
617,2
451,2
50,2
186,2
173,2
331,2
298,2
849,2
90,2
172,2
436,2
365,2
92,2
1336,2
161,2
353,2
52,2
481,2
123,2
393,2
132,2
396,2
27,2
356,2
255,2
349,2
155,2
260,2
494,2
72,2
148,2
302,2
45,2
257,2
112,2
99,2
38,2
19,2
655,2
1528,2
128,2
103,2
447,2
168,2
190,2
186,2
134,2
666,2
259,2
67,2
255,2
204,2
38,2
56,2
168,2
132,2
626,2
255,2
226,2
505,2
163,2
322,2
39,2
284,2
201,2
316,2
45,2
188,2
76,2
479,2
590,2
481,2
249,2
219,2
172,2
124,2
77,2
295,2
193,2
215,2
54,2
1186,2
753,2
81,2
146,2
289,2
518,2
141,2
143,2
289,2
43,2
255,2
677,2
79,2
110,2
235,2
21,2
230,2
215,2
19,2
796,2
39,2
393,2
23,2
280,2
106,2
74,2
47,2
947,2
52,2
793,2
635,2
306,2
135,2
425,2
38,2
81,2
391,2
27,2
65,2
483,2
19,2
235,2
313,2
467,2
295,2
418,2
172,2
487,2
124,2
68,2
157,2
309,2
360,2
342,2
186,2
5001,2
244,2
112,2
302,2
240,2
164,2
291,2
8726,2
117,2
202,2
123,2
99,2
467,2
507,2
298,2
224,2
50,2
36,2
50,2
59,2
262,2
94,2
190,2
56,2
108,2
2146,2
47,2
67,2
244,2
86,2
57,2
231,2
86,2
123,2
574,2
286,2
63,2
191,2
213,2
36,2
72,2
202,2
411,2
119,2
344,2
119,2
34,2
163,2
119,2
2191,2
54,2
510,2
144,2
206,2
106,2
349,2
45,2
336,2
264,2
65,2
94,2
50,2
112,2
219,2
684,2
137,2
324,2
126,2
18,2
871,2
537,2
1059,2
653,2
103,2
121,2
25,2
45,2
684,2
235,2
597,2
264,2
362,2
157,2
63,2
32,2
83,2
197,2
21,2
23,2
556,2
197,2
940,2
141,2
119,2
572,2
235,2
114,2
295,2
550,2
155,2
383,2
164,2
68,2
68,2
293,2
271,2
191,2
79,2
307,2
434,2
271,2
289,2
103,2
335,2
179,2
190,2
193,2
239,2
224,2
72,2
38,2
695,2
458,2
345,2
143,2
65,2
67,2
141,2
159,2
88,2
336,2
456,2
34,2
306,2
208,2
19,2
338,2
300,2
333,2
253,2
503,2
594,2
114,2
41,2
367,2
94,2
266,2
34,2
249,2
34,2
411,2
527,2
137,2
45,2
2586,2
380,2
269,2
333,2
114,2
224,2
143,2
88,2
59,2
220,2
271,2
912,2
25,2
152,2
112,2
161,2
199,2
103,2
143,2
41,2
172,2
41,2
56,2
161,2
146,2
220,2
155,2
139,2
27,2
41,2
275,2
88,2
101,2
289,2
474,2
648,2
143,2
737,2
371,2
83,2
197,2
244,2
240,2
68,2
615,2
892,2
289,2
204,2
6145,2
1027,2
341,0
85,0
135,0
100,0
217,0
178,0
339,0
83,0
946,0
549,0
317,0
280,0
42,0
233,0
793,0
476,0
391,0
20,0
133,0
268,0
7518,0
109,0
294,0
586,0
389,0
196,0
1159,0
1433,0
100,0
48,0
600,0
383,0
94,0
383,0
81,0
411,0
927,0
33,0
50,0
25,0
293,0
280,0
187,0
79,0
278,0
140,0
172,0
293,0
118,0
46,0
111,0
22,0
296,0
61,0
31,0
460,0
406,0
647,0
35,0
64,0
46,0
428,0
230,0
823,0
166,0
31,0
196,0
430,0
35,0
148,0
161,0
293,0
87,0
163,0
209,0
70,0
372,0
57,0
46,0
267,0
6245,0
493,0
255,0
263,0
285,0
37,0
196,0
345,0
233,0
220,0
456,0
102,0
421,0
224,0
57,0
153,0
274,0
24,0
209,0
300,0
33,0
152,0
563,0
18,0
107,0
29,0
853,0
198,0
895,0
50,0
6362,0
72,0
18,0
189,0
46,0
489,0
895,0
458,0
37,0
155,0
469,0
185,0
115,0
92,0
636,0
87,0
122,0
450,0
760,0
174,0
157,0
485,0
126,0
51,0
111,0
40,0
25,0
53,0
120,0
50,0
317,0
102,0
315,0
430,0
44,0
166,0
382,0
48,0
174,0
111,0
55,0
207,0
1107,0
395,0
74,0
40,0
96,0
372,0
74,0
74,0
218,0
66,0
411,0
24,0
337,0
174,0
252,0
382,0
42,0
120,0
42,0
170,0
250,0
185,0
517,0
1459,0
491,0
628,0
4854,0
25,0
85,0
439,0
307,0
33,0
482,0
76,0
20,0
109,0
53,0
808,0
547,0
213,0
391,0
1083,0
558,0
192,0
417,0
374,0
218,0
383,0
18,0
179,0
33,0
671,0
137,0
31,0
48,0
422,0
25,0
172,0
306,0
55,0
139,0
129,0
163,0
25,0
244,0
200,0
127,0
172,0
233,0
246,0
48,0
239,0
48,0
383,0
487,0
396,0
369,0
365,0
341,0
374,0
27,0
170,0
678,0
211,0
40,0
519,0
291,0
100,0
144,0
602,0
140,0
358,0
24,0
281,0
593,0
309,0
33,0
24,0
20,0
408,0
528,0
70,0
654,0
18,0
24,0
465,0
44,0
749,0
793,0
165,0
649,0
248,0
1150,0
217,0
537,0
391,0
81,0
96,0
27,0
22,0
35,0
200,0
51,0
248,0
152,0
697,0
137,0
315,0
70,0
163,0
382,0
204,0
380,0
133,0
146,0
155,0
51,0
248,0
70,0
6840,0
18,0
352,0
198,0
296,0
276,0
77,0
92,0
46,0
27,0
189,0
133,0
83,0
339,0
224,0
376,0
113,0
83,0
59,0
96,0
213,0
191,0
248,0
361,0
96,0
244,0
291,0
222,0
268,0
163,0
165,0
105,0
31,0
330,0
239,0
163,0
20,0
33,0
281,0
270,0
643,0
18,0
252,0
545,0
211,0
148,0
127,0
255,0
53,0
53,0
70,0
115,0
144,0
317,0
150,0
300,0
25,0
485,0
328,0
77,0
38,0
335,0
508,0
29,0
267,0
198,0
146,0
85,0
111,0
29,0
96,0
984,0
278,0
133,0
155,0
42,0
380,0
155,0
24,0
122,0
187,0
68,0
320,0
467,0
113,0
27,0
35,0
311,0
395,0
159,0
37,0
348,0
593,0
35,0
339,0
25,0
170,0
485,0
105,0
204,0
194,0
98,0
230,0
87,0
46,0
40,0
83,0
322,0
326,0
465,0
254,0
322,0
274,0
265,0
424,0
183,0
77,0
94,0
396,0
107,0
24,0
133,0
181,0
348,0
358,0
289,0
319,0
343,0
222,0
545,0
428,0
118,0
20,0
259,0
174,0
166,0
447,0
230,0
411,0
127,0
25,0
762,0
150,0
263,0
272,0
118,0
319,0
22,0
24,0
76,0
33,0
834,0
526,0
148,0
61,0
1007,0
127,0
87,0
320,0
159,0
599,0
129,0
2118,0
265,0
293,0
79,0
61,0
734,0
328,0
205,0
144,0
42,0
300,0
27,0
324,0
242,0
174,0
272,0
179,0
337,0
389,0
20,0
94,0
25,0
200,0
25,0
46,0
29,0
1261,0
278,0
623,0
345,0
183,0
428,0
46,0
391,0
81,0
191,0
57,0
55,0
409,0
29,0
115,0
96,0
135,0
59,0
209,0
113,0
7317,0
267,0
85,0
33,0
92,0
189,0
250,0
667,0
196,0
148,0
20,0
409,0
85,0
105,0
296,0
51,0
7787,0
265,0
207,0
699,0
139,0
389,0
20,0
665,0
244,0
174,0
83,0
90,0
613,0
153,0
153,0
393,0
741,0
604,0
248,0
83,0
356,0
38,0
20,0
346,0
359,0
129,0
25,0
422,0
300,0
24,0
185,0
207,0
18,0
44,0
27,0
443,0
103,0
966,0
90,0
224,0
102,0
48,0
166,0
346,0
413,0
202,0
244,0
115,0
37,0
400,0
87,0
85,0
643,0
55,0
202,0
218,0
25,0
406,0
255,0
79,0
57,0
261,0
204,0
409,0
400,0
144,0
155,0
181,0
469,0
103,0
320,0
9248,0
139,0
102,0
29,0
302,0
430,0
29,0
547,0
272,0
389,0
24,0
66,0
118,0
116,0
235,0
20,0
202,0
174,0
29,0
374,0
87,0
40,0
111,0
163,0
565,0
94,0
126,0
198,0
61,0
250,0
500,0
682,0
517,0
27,0
92,0
79,0
498,0
495,0
207,0
8886,0
5943,0
61,0
24,0
18,0
612,0
53,0
370,0
140,0
281,0
602,0
74,0
50,0
116,0
534,0
127,0
79,0
595,0
83,0
189,0
230,0
495,0
233,0
131,0
192,0
53,0
350,0
875,0
42,0
159,0
165,0
589,0
345,0
122,0
118,0
185,0
497,0
311,0
126,0
200,0
139,0
70,0
44,0
24,0
159,0
298,0
144,0
51,0
59,0
50,0
543,0
94,0
281,0
578,0
356,0
57,0
808,0
53,0
324,0
77,0
126,0
163,0
139,0
40,0
53,0
246,0
504,0
363,0
224,0
181,0
319,0
37,0
46,0
309,0
274,0
289,0
398,0
57,0
532,0
179,0
24,0
59,0
137,0
150,0
87,0
593,0
150,0
124,0
254,0
77,0
25,0
89,0
200,0
87,0
120,0
231,0
157,0
166,0
139,0
168,0
98,0
40,0
31,0
218,0
25,0
293,0
304,0
163,0
363,0
281,0
174,0
90,0
5410,0
179,0
35,0
76,0
127,0
77,0
328,0
502,0
127,0
361,0
176,0
261,0
582,0
118,0
350,0
478,0
96,0
113,0
64,0
176,0
127,0
181,0
875,0
237,0
176,0
103,0
38,0
524,0
801,0
213,0
40,0
107,0
382,0
77,0
127,0
1788,0
230,0
37,0
447,0
239,0
192,0
76,0
165,0
3210,0
348,0
89,0
294,0
276,0
224,0
680,0
90,0
239,0
126,0
263,0
179,0
42,0
48,0
163,0
113,0
126,0
111,0
77,0
166,0
22,0
18,0
348,0
146,0
165,0
94,0
226,0
810,0
38,0
183,0
686,0
25,0
391,0
161,0
139,0
131,0
387,0
517,0
185,0
63,0
302,0
148,0
237,0
211,0
150,0
554,0
202,0
27,0
152,0
76,0
469,0
144,0
1035,0
111,0
57,0
118,0
150,0
445,0
53,0
335,0
131,0
194,0
296,0
70,0
218,0
139,0
18,0
51,0
170,0
192,0
819,0
20,0
341,0
330,0
79,0
24,0
181,0
85,0
92,0
74,0
179,0
415,0
38,0
242,0
33,0
166,0
315,0
148,0
766,0
511,0
146,0
90,0
113,0
389,0
415,0
111,0
57,0
22,0
109,0
1235,0
140,0
33,0
185,0
218,0
185,0
115,0
298,0
287,0
133,0
330,0
89,0
115,0
454,0
421,0
90,0
352,0
408,0
296,0
25,0
96,0
302,0
181,0
153,0
191,0
37,0
1324,0
79,0
291,0
430,0
89,0
265,0
198,0
29,0
450,0
51,0
369,0
217,0
103,0
170,0
48,0
185,0
395,0
79,0
415,0
754,0
5520,0
48,0
92,0
163,0
31,0
458,0
83,0
100,0
200,0
24,0
409,0
508,0
81,0
504,0
59,0
1022,0
480,0
326,0
374,0
31,0
178,0
191,0
48,0
20,0
37,0
960,0
153,0
139,0
133,0
526,0
81,0
27,0
181,0
152,0
361,0
50,0
179,0
2263,0
118,0
98,0
85,0
393,0
460,0
113,0
51,0
651,0
109,0
228,0
135,0
98,0
207,0
146,0
59,0
226,0
191,0
430,0
586,0
100,0
189,0
66,0
285,0
9092,0
85,0
18,0
658,0
61,0
120,0
20,0
22,0
619,0
102,0
131,0
120,0
217,0
293,0
20,0
116,0
597,0
64,0
263,0
178,0
662,0
558,0
537,0
255,0
178,0
109,0
612,0
304,0
51,0
261,0
881,0
109,0
35,0
57,0
85,0
231,0
57,0
350,0
400,0
44,0
434,0
168,0
40,0
87,0
248,0
192,0
27,0
2122,0
137,0
166,0
246,0
294,0
333,0
70,0
549,0
365,0
317,0
135,0
426,0
328,0
196,0
549,0
220,0
38,0
89,0
281,0
471,0
361,0
250,0
51,0
50,0
717,0
4930,0
109,0
38,0
153,0
163,0
37,0
359,0
200,0
558,0
133,0
103,0
53,0
254,0
33,0
100,0
482,0
222,0
270,0
181,0
176,0
365,0
376,0
8746,0
44,0
237,0
185,0
27,0
669,0
89,0
578,0
18,0
79,0
328,0
280,0
369,0
27,0
187,0
59,0
94,0
168,0
298,0
226,0
61,0
215,0
209,0
244,0
131,0
98,0
767,0
476,0
669,0
111,0
105,0
343,0
192,0
46,0
166,0
226,0
300,0
174,0
129,0
116,0
317,0
734,0
59,0
37,0
283,0
103,0
643,0
127,0
46,0
951,0
235,0
102,0
456,0
74,0
313,0
374,0
1068,0
217,0
319,0
40,0
22,0
413,0
38,0
131,0
526,0
600,0
474,0
98,0
220,0
50,0
174,0
320,0
37,0
267,0
63,0
22,0
166,0
402,0
539,0
454,0
376,0
18,0
70,0
18,0
168,0
105,0
61,0
504,0
257,0
274,0
116,0
194,0
74,0
33,0
721,0
40,0
304,0
159,0
536,0
345,0
33,0
107,0
115,0
320,0
48,0
194,0
25,0
183,0
140,0
131,0
192,0
272,0
59,0
79,0
137,0
198,0
74,0
608,0
50,0
213,0
146,0
252,0
385,0
228,0
115,0
70,0
858,0
183,0
18,0
163,0
430,0
109,0
267,0
497,0
48,0
233,0
77,0
599,0
22,0
183,0
324,0
179,0
311,0
398,0
1214,0
142,0
126,0
150,0
265,0
422,0
55,0
211,0
72,0
51,0
192,0
435,0
163,0
122,0
42,0
27,0
280,0
161,0
218,0
378,0
241,0
217,0
183,0
257,0
20,0
228,0
53,0
55,0
411,0
33,0
89,0
363,0
1120,0
51,0
31,0
248,0
22,0
81,0
222,0
487,0
105,0
348,0
185,0
300,0
261,0
606,0
152,0
79,0
550,0
122,0
129,0
29,0
94,0
142,0
209,0
57,0
1643,0
298,0
502,0
135,0
89,0
287,0
87,0
402,0
148,0
309,0
139,0
766,0
118,0
163,0
434,0
148,0
42,0
385,0
20,0
465,0
166,0
309,0
274,0
61,0
48,0
111,0
18,0
111,0
81,0
211,0
61,0
20,0
5026,0
103,0
361,0
42,0
326,0
432,0
152,0
85,0
59,0
211,0
22,0
102,0
127,0
127,0
224,0
122,0
393,0
823,0
94,0
163,0
322,0
306,0
90,0
500,0
107,0
165,0
294,0
22,0
315,0
63,0
708,0
200,0
139,0
717,0
20,0
33,0
263,0
287,0
135,0
37,0
165,0
324,0
4501,0
478,0
140,0
293,0
25,0
254,0
254,0
354,0
832,0
242,0
272,0
274,0
808,0
851,0
428,0
228,0
122,0
576,0
59,0
150,0
33,0
109,0
241,0
411,0
33,0
673,0
255,0
259,0
589,0
146,0
150,0
25,0
534,0
46,0
92,0
100,0
409,0
159,0
257,0
74,0
246,0
70,0
142,0
612,0
96,0
25,0
493,0
163,0
51,0
205,0
35,0
359,0
409,0
146,0
306,0
176,0
194,0
124,0
181,0
179,0
500,0
315,0
536,0
107,0
198,0
81,0
55,0
361,0
94,0
124,0
2192,0
278,0
550,0
421,0
268,0
87,0
27,0
116,0
68,0
176,0
246,0
248,0
285,0
133,0
90,0
129,0
250,0
25,0
192,0
57,0
330,0
37,0
140,0
89,0
869,0
363,0
122,0
187,0
174,0
233,0
94,0
27,0
9237,0
61,0
217,0
580,0
196,0
64,0
263,0
764,0
115,0
376,0
64,0
76,0
471,0
332,0
549,0
226,0
628,0
174,0
57,0
127,0
756,0
333,0
293,0
209,0
1040,0
1283,0
133,0
254,0
315,0
46,0
85,0
124,0
176,0
690,0
90,0
137,0
22,0
712,0
398,0
276,0
191,0
187,0
319,0
215,0
339,0
72,0
74,0
230,0
949,0
445,0
936,0
728,0
113,0
385,0
27,0
87,0
257,0
102,0
51,0
113,0
170,0
187,0
161,0
85,0
595,0
575,0
42,0
276,0
102,0
63,0
7236,0
246,0
458,0
146,0
126,0
70,0
354,0
396,0
120,0
153,0
159,0
113,0
55,0
230,0
61,0
57,0
265,0
44,0
107,0
345,0
4613,0
59,0
165,0
302,0
536,0
126,0
159,0
298,0
44,0
428,0
40,0
217,0
332,0
417,0
191,0
346,0
255,0
528,0
57,0
72,0
547,0
320,0
263,0
183,0
1413,0
31,0
176,0
33,0
150,0
335,0
50,0
198,0
467,0
250,0
178,0
89,0
241,0
63,0
198,0
103,0
29,0
189,0
198,0
484,0
380,0
109,0
185,0
24,0
393,0
8556,0
454,0
44,0
103,0
31,0
77,0
369,0
1001,0
239,0
534,0
307,0
76,0
6794,0
140,0
33,0
628,0
103,0
98,0
113,0
109,0
484,0
192,0
111,0
532,0
291,0
565,0
98,0
324,0
400,0
799,0
706,0
664,0
482,0
437,0
458,0
46,0
148,0
441,0
25,0
38,0
40,0
51,0
254,0
40,0
111,0
68,0
226,0
94,0
435,0
552,0
50,0
89,0
107,0
300,0
339,0
31,0
511,0
613,0
109,0
172,0
485,0
109,0
205,0
18,0
242,0
320,0
111,0
443,0
376,0
90,0
135,0
556,0
50,0
109,0
170,0
231,0
139,0
452,0
393,0
142,0
473,0
604,0
51,0
751,0
634,0
222,0
40,0
166,0
821,0
66,0
126,0
220,0
185,0
25,0
148,0
495,0
165,0
224,0
304,0
111,0
205,0
57,0
92,0
688,0
126,0
85,0
419,0
24,0
413,0
613,0
35,0
192,0
328,0
306,0
356,0
57,0
231,0
148,0
192,0
22,0
64,0
263,0
213,0
38,0
198,0
510,0
261,0
376,0
20,0
35,0
417,0
42,0
116,0
432,0
408,0
3565,0
211,0
18,0
155,0
359,0
382,0
127,0
74,0
24,0
137,0
439,0
105,0
68,0
118,0
25,0
853,0
421,0
315,0
72,0
96,0
319,0
63,0
90,0
382,0
209,0
588,0
126,0
345,0
246,0
283,0
27,0
76,0
170,0
37,0
500,0
105,0
773,0
237,0
140,0
5585,0
183,0
268,0
140,0
31,0
89,0
42,0
172,0
31,0
44,0
586,0
903,0
281,0
960,0
819,0
131,0
270,0
281,0
300,0
322,0
42,0
274,0
53,0
319,0
343,0
543,0
584,0
215,0
166,0
144,0
619,0
376,0
406,0
50,0
159,0
105,0
168,0
139,0
159,0
346,0
77,0
144,0
217,0
194,0
29,0
139,0
515,0
259,0
46,0
98,0
81,0
630,0
64,0
345,0
111,0
103,0
42,0
205,0
322,0
235,0
172,0
237,0
246,0
181,0
1098,0
87,0
293,0
421,0
25,0
639,0
346,0
22,0
250,0
317,0
567,0
68,0
242,0
135,0
198,0
103,0
38,0
261,0
775,0
120,0
37,0
146,0
289,0
33,0
665,0
313,0
57,0
8707,0
569,0
350,0
474,0
103,0
322,0
983,0
174,0
178,0
29,0
72,0
51,0
205,0
313,0
155,0
20,0
248,0
762,0
72,0
202,0
224,0
157,0
612,0
265,0
411,0
853,0
181,0
42,0
102,0
306,0
328,0
437,0
109,0
204,0
268,0
22,0
159,0
560,0
79,0
183,0
87,0
135,0
165,0
343,0
228,0
96,0
38,0
87,0
241,0
333,0
63,0
161,0
37,0
61,0
83,0
109,0
270,0
94,0
194,0
608,0
242,0
406,0
395,0
61,0
96,0
18,0
115,0
491,0
152,0
474,0
107,0
157,0
289,0
289,0
205,0
51,0
6447,0
358,0
387,0
218,0
77,0
79,0
22,0
105,0
498,0
44,0
409,0
103,0
79,0
172,0
87,0
719,0
448,0
90,0
31,0
278,0
1326,0
532,0
27,0
57,0
37,0
64,0
122,0
207,0
8955,0
122,0
113,0
274,0
33,0
690,0
385,0
187,0
656,0
606,0
217,0
40,0
85,0
64,0
40,0
460,0
153,0
382,0
265,0
139,0
57,0
224,0
218,0
18,0
150,0
209,0
437,0
96,0
146,0
235,0
673,0
172,0
135,0
102,0
422,0
241,0
480,0
48,0
6970,0
103,0
179,0
209,0
289,0
124,0
241,0
76,0
9272,0
467,0
248,0
68,0
1023,0
265,0
324,0
491,0
233,0
24,0
261,0
102,0
738,0
300,0
380,0
628,0
63,0
157,0
424,0
189,0
144,0
57,0
102,0
70,0
383,0
48,0
213,0
31,0
430,0
87,0
205,0
452,0
651,0
24,0
231,0
521,0
77,0
701,0
996,0
352,0
311,0
27,0
413,0
124,0
222,0
441,0
194,0
44,0
66,0
202,0
497,0
25,0
502,0
254,0
111,0
313,0
90,0
320,0
575,0
68,0
754,0
304,0
179,0
235,0
248,0
83,0
215,0
207,0
89,0
365,0
109,0
801,0
491,0
211,0
166,0
76,0
25,0
161,0
79,0
74,0
109,0
42,0
667,0
369,0
155,0
72,0
116,0
59,0
196,0
77,0
280,0
18,0
812,0
133,0
103,0
25,0
335,0
241,0
333,0
728,0
109,0
202,0
90,0
385,0
115,0
348,0
285,0
497,0
40,0
194,0
217,0
42,0
471,0
77,0
578,0
29,0
452,0
50,0
263,0
76,0
46,0
272,0
231,0
25,0
267,0
172,0
51,0
129,0
157,0
142,0
482,0
33,0
176,0
417,0
79,0
90,0
105,0
437,0
40,0
42,0
192,0
140,0
448,0
654,0
33,0
150,0
59,0
187,0
20,0
24,0
31,0
532,0
126,0
165,0
220,0
25,0
996,0
543,0
144,0
638,0
81,0
53,0
50,0
24,0
315,0
161,0
354,0
59,0
185,0
895,0
712,0
309,0
1014,0
465,0
59,0
44,0
40,0
352,0
448,0
105,0
226,0
274,0
38,0
385,0
387,0
359,0
83,0
25,0
454,0
302,0
354,0
100,0
215,0
22,0
270,0
85,0
313,0
187,0
907,0
150,0
319,0
59,0
194,0
242,0
491,0
977,0
142,0
44,0
142,0
332,0
430,0
320,0
205,0
144,0
37,0
152,0
578,0
205,0
263,0
74,0
244,0
202,0
66,0
70,0
122,0
127,0
241,0
153,0
6523,0
285,0
2548,0
122,0
348,0
176,0
311,0
267,0
491,0
109,0
304,0
218,0
172,0
92,0
153,0
1231,0
142,0
53,0
395,0
27,0
170,0
272,0
38,0
76,0
380,0
159,0
96,0
18,0
228,0
174,0
204,0
185,0
55,0
6928,0
139,0
105,0
37,0
233,0
66,0
380,0
83,0
96,0
623,0
261,0
163,0
280,0
166,0
102,0
925,0
150,0
285,0
33,0
70,0
267,0
37,0
487,0
350,0
194,0
202,0
18,0
545,0
148,0
25,0
354,0
27,0
224,0
662,0
230,0
83,0
345,0
526,0
252,0
263,0
153,0
254,0
263,0
31,0
473,0
87,0
3988,0
42,0
122,0
187,0
68,0
233,0
369,0
754,0
57,0
42,0
142,0
55,0
133,0
593,0
137,0
207,0
332,0
652,0
22,0
22,0
107,0
404,0
293,0
161,0
42,0
89,0
228,0
326,0
196,0
597,0
122,0
96,0
120,0
18,0
74,0
115,0
57,0
77,0
94,0
345,0
242,0
222,0
161,0
152,0
66,0
231,0
762,0
237,0
24,0
335,0
42,0
124,0
519,0
719,0
513,0
289,0
70,0
434,0
29,0
732,0
558,0
230,0
120,0
159,0
639,0
105,0
1090,0
267,0
194,0
105,0
519,0
118,0
48,0
120,0
291,0
862,0
233,0
7250,0
35,0
255,0
226,0
18,0
450,0
920,0
139,0
148,0
287,0
165,0
254,0
369,0
170,0
3778,0
274,0
40,0
165,0
100,0
482,0
211,0
224,0
63,0
178,0
179,0
129,0
335,0
111,0
259,0
59,0
309,0
168,0
144,0
823,0
623,0
127,0
220,0
695,0
361,0
287,0
191,0
148,0
582,0
85,0
237,0
133,0
274,0
395,0
42,0
372,0
439,0
406,0
272,0
6970,0
38,0
6377,0
144,0
257,0
289,0
105,0
4544,0
100,0
57,0
358,0
107,0
905,0
185,0
2014,0
239,0
6753,0
68,0
1064,0
430,0
100,0
107,0
98,0
452,0
155,0
142,0
148,0
528,0
113,0
174,0
150,0
40,0
192,0
98,0
113,0
155,0
276,0
139,0
196,0
116,0
704,0
178,0
281,0
100,0
66,0
74,0
135,0
87,0
155,0
53,0
226,0
230,0
168,0
191,0
96,0
892,0
324,0
1164,0
115,0
306,0
372,0
70,0
70,0
57,0
235,0
40,0
102,0
115,0
96,0
90,0
124,0
44,0
1018,0
192,0
53,0
458,0
189,0
192,0
396,0
40,0
539,0
178,0
129,0
478,0
326,0
218,0
358,0
139,0
144,0
81,0
467,0
191,0
172,0
254,0
218,0
161,0
40,0
18,0
157,0
29,0
63,0
1274,0
248,0
222,0
623,0
57,0
395,0
111,0
602,0
374,0
968,0
519,0
228,0
771,0
194,0
408,0
205,0
547,0
372,0
359,0
374,0
63,0
76,0
242,0
194,0
5164,0
152,0
207,0
103,0
66,0
359,0
447,0
57,0
326,0
447,0
554,0
57,0
111,0
274,0
44,0
42,0
307,0
20,0
85,0
187,0
102,0
434,0
76,0
50,0
174,0
589,0
48,0
131,0
220,0
22,0
29,0
72,0
35,0
213,0
268,0
285,0
116,0
235,0
506,0
222,0
66,0
178,0
27,0
1111,0
372,0
337,0
122,0
647,0
22,0
29,0
116,0
192,0
68,0
155,0
565,0
176,0
48,0
218,0
87,0
556,0
50,0
81,0
72,0
29,0
53,0
508,0
50,0
68,0
83,0
68,0
241,0
120,0
18,0
211,0
222,0
129,0
191,0
306,0
118,0
400,0
358,0
280,0
194,0
435,0
417,0
346,0
524,0
549,0
678,0
192,0
22,0
302,0
220,0
18,0
89,0
224,0
510,0
53,0
85,0
604,0
929,0
231,0
244,0
230,0
159,0
274,0
170,0
96,0
79,0
105,0
131,0
89,0
230,0
98,0
20,0
1289,0
27,0
155,0
426,0
315,0
259,0
356,0
74,0
443,0
894,0
85,0
109,0
96,0
168,0
140,0
61,0
276,0
469,0
1214,0
150,0
361,0
196,0
40,0
166,0
337,0
22,0
278,0
77,0
257,0
40,0
309,0
853,0
261,0
163,0
48,0
910,0
209,0
779,0
25,0
111,0
51,0
48,0
25,0
263,0
280,0
226,0
98,0
187,0
37,0
191,0
485,0
42,0
120,0
63,0
77,0
252,0
29,0
96,0
242,0
8916,0
50,0
18,0
220,0
94,0
57,0
25,0
224,0
202,0
306,0
118,0
430,0
92,0
152,0
70,0
370,0
76,0
90,0
255,0
50,0
153,0
528,0
209,0
263,0
27,0
647,0
224,0
33,0
109,0
98,0
126,0
335,0
441,0
482,0
504,0
155,0
53,0
320,0
239,0
370,0
83,0
352,0
211,0
493,0
44,0
85,0
389,0
115,0
74,0
77,0
443,0
196,0
61,0
68,0
127,0
76,0
159,0
460,0
38,0
254,0
191,0
64,0
50,0
68,0
115,0
745,0
111,0
248,0
285,0
237,0
116,0
1252,0
20,0
122,0
24,0
263,0
96,0
31,0
90,0
109,0
107,0
966,0
209,0
29,0
222,0
398,0
315,0
183,0
202,0
51,0
126,0
300,0
330,0
868,0
107,0
248,0
513,0
766,0
22,0
389,0
103,0
77,0
102,0
767,0
53,0
129,0
231,0
543,0
198,0
76,0
22,0
287,0
77,0
450,0
224,0
471,0
53,0
81,0
40,0
79,0
33,0
83,0
137,0
37,0
103,0
48,0
35,0
98,0
510,0
716,0
155,0
64,0
81,0
57,0
183,0
289,0
346,0
688,0
166,0
109,0
178,0
48,0
46,0
289,0
1598,0
98,0
174,0
29,0
1958,0
25,0
46,0
623,0
98,0
441,0
166,0
211,0
70,0
296,0
59,0
25,0
137,0
50,0
31,0
50,0
44,0
46,0
695,0
24,0
231,0
205,0
59,0
87,0
224,0
63,0
226,0
42,0
53,0
228,0
46,0
168,0
76,0
230,0
157,0
74,0
42,0
48,0
244,0
81,0
320,0
33,0
118,0
109,0
478,0
146,0
129,0
92,0
242,0
2645,0
480,0
161,0
387,0
118,0
127,0
157,0
135,0
675,0
248,0
248,0
217,0
85,0
37,0
100,0
18,0
458,0
20,0
183,0
326,0
127,0
231,0
439,0
537,0
241,0
730,0
139,0
113,0
115,0
113,0
1506,0
320,0
92,0
218,0
42,0
89,0
50,0
51,0
20,0
656,0
699,0
31,0
170,0
38,0
161,0
333,0
196,0
46,0
38,0
300,0
185,0
59,0
140,0
124,0
504,0
109,0
40,0
