vmCount,seed
241,1
46,1
83,1
201,1
13,1
79,1
10,1
167,1
367,1
13,1
106,1
69,1
77,1
40,1
94,1
42,1
85,1
12,1
110,1
35,1
252,1
59,1
163,1
77,1
146,1
119,1
240,1
119,1
44,1
75,1
108,1
148,1
81,1
195,1
71,1
13,1
159,1
120,1
33,1
505,1
105,1
42,1
385,1
85,1
107,1
10,1
221,1
176,1
100,1
78,1
261,1
37,1
91,1
62,1
130,1
85,1
42,1
118,1
207,1
218,1
237,1
20,1
129,1
50,1
206,1
52,1
46,1
141,1
52,1
94,1
56,1
205,1
46,1
473,1
79,1
41,1
14,1
82,1
78,1
474,1
156,1
101,1
148,1
142,1
174,1
39,1
19,1
316,1
31,1
27,1
244,1
40,1
86,1
261,1
130,1
37,1
114,1
120,1
352,1
96,1
3305,1
12,1
58,1
198,1
39,1
234,1
61,1
153,1
531,1
169,1
32,1
39,1
122,1
66,1
52,1
124,1
278,1
108,1
14,1
257,1
227,1
127,1
68,1
41,1
48,1
112,1
85,1
200,1
11,1
21,1
276,1
43,1
77,1
32,1
177,1
307,1
443,1
52,1
89,1
140,1
11,1
53,1
83,1
18,1
441,1
24,1
128,1
106,1
143,1
106,1
44,1
50,1
83,1
137,1
70,1
58,1
241,1
54,1
106,1
121,1
12,1
19,1
19,1
134,1
203,1
254,1
95,1
19,1
33,1
526,1
57,1
98,1
52,1
28,1
13,1
297,1
302,1
178,1
34,1
31,1
145,1
18,1
213,1
106,1
84,1
60,1
13,1
76,1
17,1
28,1
46,1
72,1
126,1
10,1
95,1
81,1
171,1
94,1
41,1
111,1
317,1
138,1
19,1
268,1
188,1
56,1
242,1
158,1
121,1
289,1
114,1
45,1
113,1
16,1
165,1
99,1
171,1
499,1
131,1
310,1
28,1
237,1
158,1
328,1
69,1
79,1
58,1
305,1
25,1
74,1
53,1
180,1
1565,1
116,1
455,1
47,1
29,1
55,1
230,1
253,1
32,1
77,1
38,1
38,1
298,1
113,1
2438,1
186,1
28,1
114,1
96,1
102,1
3633,1
63,1
61,1
114,1
317,1
110,1
134,1
175,1
37,1
123,1
351,1
550,1
83,1
37,1
149,1
443,1
129,1
158,1
18,1
45,1
52,1
167,1
195,1
48,1
19,1
11,1
207,1
152,1
86,1
32,1
48,1
120,1
18,1
32,1
31,1
134,1
54,1
43,1
18,1
307,1
87,1
16,1
173,1
110,1
175,1
72,1
47,1
165,1
125,1
143,1
259,1
334,1
45,1
19,1
262,1
117,1
29,1
85,1
195,1
81,1
73,1
38,1
18,1
57,1
392,1
214,1
182,1
94,1
168,1
81,1
49,1
33,1
42,1
181,1
43,1
107,1
84,1
94,1
39,1
11,1
3945,1
69,1
319,1
271,1
30,1
11,1
144,1
68,1
86,1
301,1
17,1
15,1
25,1
13,1
178,1
240,1
70,1
440,1
44,1
347,1
63,1
111,1
17,1
75,1
271,1
143,1
177,1
181,1
471,1
319,1
245,1
21,1
88,1
524,1
103,1
26,1
161,1
13,1
21,1
21,1
69,1
56,1
204,1
248,1
78,1
110,1
60,1
395,1
23,1
83,1
166,1
158,1
289,1
52,1
66,1
22,1
115,1
217,1
56,1
63,1
180,1
102,1
312,1
58,1
488,1
310,1
441,1
329,1
209,1
101,1
612,1
159,1
65,1
137,1
86,1
103,1
29,1
111,1
35,1
170,1
22,1
48,1
47,1
102,1
19,1
136,1
253,1
66,1
162,1
283,1
257,1
78,1
106,1
207,1
217,1
46,1
179,1
98,1
73,1
205,1
15,1
85,1
53,1
10,1
54,1
179,1
106,1
108,1
106,1
387,1
132,1
54,1
118,1
472,1
134,1
174,1
66,1
349,1
146,1
329,1
69,1
205,1
180,1
60,1
25,1
76,1
1419,1
66,1
200,1
75,1
51,1
49,1
312,1
228,1
73,1
18,1
29,1
23,1
193,1
139,1
10,1
391,1
40,1
15,1
330,1
150,1
176,1
152,1
211,1
16,1
137,1
26,1
151,1
71,1
90,1
127,1
32,1
177,1
104,1
133,1
310,1
130,1
23,1
170,1
276,1
17,1
53,1
23,1
48,1
29,1
74,1
298,1
231,1
369,1
90,1
93,1
122,1
33,1
175,1
83,1
96,1
27,1
564,1
130,1
25,1
157,1
134,1
16,1
25,1
96,1
55,1
193,1
222,1
177,1
131,1
48,1
68,1
62,1
291,1
115,1
21,1
53,1
102,1
20,1
67,1
154,1
59,1
2646,1
24,1
202,1
26,1
48,1
115,1
89,1
344,1
40,1
27,1
24,1
290,1
12,1
366,1
26,1
178,1
477,1
109,1
97,1
128,1
27,1
116,1
226,1
208,1
65,1
30,1
230,1
473,1
53,1
135,1
104,1
1096,1
111,1
85,1
122,1
344,1
124,1
88,1
160,1
354,1
119,1
187,1
198,1
436,1
89,1
333,1
23,1
263,1
15,1
77,1
46,1
291,1
128,1
64,1
61,1
43,1
29,1
24,1
106,1
287,1
25,1
90,1
133,1
72,1
45,1
59,1
149,1
66,1
144,1
79,1
25,1
48,1
11,1
207,1
359,1
68,1
217,1
30,1
23,1
86,1
160,1
41,1
599,1
45,1
31,1
143,1
104,1
31,1
12,1
43,1
99,1
96,1
789,1
72,1
113,1
21,1
217,1
100,1
12,1
87,1
32,1
111,1
191,1
606,1
109,1
157,1
94,1
334,1
50,1
167,1
65,1
46,1
69,1
11,1
402,1
19,1
128,1
165,1
28,1
163,1
346,1
145,1
74,1
28,1
147,1
333,1
28,1
166,1
180,1
53,1
93,1
98,1
160,1
208,1
23,1
82,1
16,1
31,1
326,1
24,1
118,1
96,1
309,1
39,1
143,1
217,1
169,1
213,1
111,1
107,1
14,1
146,1
42,1
49,1
72,1
146,1
35,1
377,1
71,1
222,1
44,1
178,1
231,1
33,1
241,1
65,1
142,1
184,1
61,1
15,1
283,1
353,1
117,1
257,1
21,1
98,1
54,1
63,1
16,1
263,1
2505,1
57,1
119,1
50,1
200,1
76,1
202,1
24,1
11,1
60,1
108,1
117,1
133,1
82,1
214,1
1326,1
65,1
116,1
73,1
77,1
61,1
66,1
189,1
202,1
72,1
199,1
161,1
385,1
26,1
136,1
22,1
15,1
200,1
38,1
108,1
53,1
14,1
207,1
568,1
32,1
161,1
132,1
35,1
42,1
458,1
167,1
197,1
85,1
127,1
330,1
11,1
32,1
15,1
279,1
33,1
37,1
44,1
58,1
19,1
35,1
393,1
127,1
92,1
142,1
129,1
226,1
60,1
36,1
94,1
125,1
356,1
122,1
300,1
124,1
48,1
54,1
72,1
46,1
385,1
85,1
97,1
89,1
560,1
254,1
24,1
314,1
105,1
68,1
55,1
224,1
165,1
147,1
18,1
52,1
61,1
137,1
183,1
180,1
54,1
332,1
215,1
357,1
42,1
43,1
163,1
129,1
53,1
65,1
153,1
33,1
605,1
61,1
92,1
24,1
214,1
79,1
181,1
25,1
124,1
457,1
80,1
16,1
98,1
52,1
275,1
147,1
165,1
16,1
61,1
126,1
87,1
117,1
280,1
71,1
442,1
14,1
25,1
96,1
35,1
54,1
17,1
169,1
82,1
179,1
17,1
37,1
35,1
16,1
21,1
177,1
164,1
262,1
168,1
58,1
188,1
258,1
149,1
340,1
92,1
34,1
43,1
80,1
54,1
60,1
74,1
56,1
98,1
54,1
26,1
169,1
137,1
31,1
46,1
56,1
88,1
30,1
83,1
30,1
152,1
14,1
392,1
173,1
345,1
244,1
214,1
140,1
67,1
276,1
207,1
234,1
112,1
192,1
52,1
36,1
41,1
48,1
19,1
97,1
122,1
201,1
81,1
34,1
36,1
49,1
28,1
12,1
35,1
20,1
156,1
81,1
123,1
154,1
161,1
40,1
108,1
246,1
62,1
98,1
343,1
55,1
198,1
60,1
47,1
137,1
574,1
41,1
219,1
384,1
11,1
52,1
79,1
50,1
166,1
50,1
33,1
22,1
178,1
36,1
30,1
157,1
135,1
19,1
88,1
58,1
33,1
72,1
168,1
83,1
67,1
66,1
43,1
107,1
81,1
36,1
338,1
65,1
213,1
90,1
275,1
82,1
38,1
87,1
28,1
27,1
176,1
42,1
87,1
55,1
97,1
237,1
147,1
216,1
78,1
98,1
279,1
103,1
38,1
23,1
28,1
89,1
120,1
371,1
92,1
62,1
237,1
268,1
17,1
466,1
82,1
60,1
70,1
50,1
59,1
73,1
274,1
248,1
57,1
28,1
200,1
278,1
30,1
78,1
569,1
351,1
70,1
54,1
137,1
243,1
23,1
30,1
26,1
654,1
149,1
61,1
111,1
58,1
223,1
32,1
251,1
16,1
129,1
77,1
64,1
272,1
38,1
622,1
56,1
69,1
11,1
435,1
198,1
286,1
223,1
38,1
22,1
2885,1
74,1
103,1
546,1
29,1
106,1
158,1
361,1
31,1
31,1
25,1
27,1
60,1
159,1
28,1
33,1
94,1
325,1
103,1
28,1
28,1
62,1
89,1
278,1
38,1
10,1
15,1
35,1
216,1
24,1
23,1
641,1
140,1
28,1
62,1
75,1
108,1
18,1
12,1
85,1
113,1
217,1
10,1
199,1
252,1
143,1
195,1
15,1
153,1
118,1
236,1
135,1
29,1
1074,1
13,1
91,1
489,1
21,1
95,1
242,1
71,1
382,1
765,1
230,1
25,1
126,1
23,1
274,1
154,1
10,1
422,1
92,1
79,1
131,1
13,1
90,1
305,1
193,1
81,1
98,1
80,1
119,1
457,1
430,1
561,1
72,1
40,1
1221,1
222,1
64,1
55,1
270,1
95,1
84,1
88,1
58,1
162,1
1660,1
130,1
86,1
2188,1
95,1
73,1
57,1
156,1
279,1
94,1
265,1
32,1
212,1
102,1
37,1
41,1
96,1
236,1
127,1
216,1
121,1
599,1
423,1
77,1
18,1
149,1
498,1
387,1
358,1
29,1
41,1
17,1
82,1
40,1
283,1
69,1
172,1
126,1
47,1
52,1
38,1
134,1
200,1
104,1
42,1
22,1
130,1
60,1
93,1
94,1
361,1
130,1
449,1
12,1
260,1
17,1
79,1
122,1
77,1
189,1
363,1
105,1
147,1
111,1
22,1
47,1
28,1
160,1
90,1
193,1
71,1
191,1
68,1
123,1
14,1
52,1
190,1
226,1
63,1
88,1
58,1
279,1
102,1
42,1
192,1
396,1
104,1
119,1
45,1
42,1
253,1
72,1
217,1
205,1
19,1
160,1
82,1
24,1
192,1
52,1
139,1
18,1
25,1
226,1
123,1
79,1
11,1
100,1
55,1
48,1
265,1
247,1
38,1
143,1
147,1
13,1
27,1
275,1
81,1
111,1
33,1
315,1
17,1
57,1
99,1
72,1
63,1
69,1
102,1
21,1
111,1
128,1
99,1
29,1
15,1
231,1
96,1
207,1
109,1
106,1
40,1
68,1
99,1
48,1
176,1
42,1
32,1
73,1
30,1
370,1
79,1
360,1
87,1
24,1
73,1
26,1
93,1
79,1
45,1
47,1
70,1
42,1
257,1
259,1
62,1
266,1
481,1
24,1
374,1
63,1
60,1
237,1
127,1
114,1
56,1
44,1
13,1
25,1
112,1
99,1
52,1
84,1
216,1
257,1
144,1
23,1
20,1
17,1
48,1
89,1
60,1
61,1
41,1
321,1
81,1
30,1
20,1
57,1
218,1
14,1
217,1
100,1
35,1
238,1
72,1
82,1
12,1
172,1
290,1
106,1
170,1
48,1
90,1
349,1
72,1
43,1
215,1
103,1
245,1
162,1
47,1
119,1
31,1
40,1
17,1
87,1
87,1
49,1
281,1
64,1
60,1
69,1
52,1
169,1
576,1
300,1
118,1
249,1
63,1
132,1
57,1
34,1
312,1
103,1
160,1
102,1
31,1
33,1
138,1
63,1
103,1
45,1
72,1
49,1
60,1
61,1
16,1
241,1
373,1
18,1
36,1
164,1
157,1
150,1
260,1
86,1
173,1
124,1
68,1
62,1
338,1
3607,1
11,1
320,1
71,1
172,1
151,1
154,1
74,1
112,1
11,1
110,1
451,1
173,1
356,1
158,1
137,1
88,1
215,1
176,1
273,1
120,1
58,1
116,1
110,1
26,1
20,1
127,1
92,1
131,1
237,1
70,1
424,1
230,1
237,1
30,1
43,1
24,1
170,1
24,1
29,1
16,1
70,1
130,1
104,1
520,1
63,1
225,1
112,1
103,1
132,1
395,1
53,1
10,1
176,1
120,1
184,1
69,1
137,1
144,1
95,1
13,1
82,1
215,1
24,1
222,1
129,1
356,1
3962,1
26,1
78,1
24,1
53,1
37,1
232,1
62,1
769,1
28,1
21,1
49,1
78,1
145,1
145,1
31,1
233,1
179,1
29,1
326,1
121,1
147,1
233,1
37,1
42,1
66,1
182,1
23,1
3223,1
59,1
61,1
154,1
182,1
63,1
210,1
41,1
62,1
13,1
380,1
182,1
104,1
77,1
18,1
118,1
89,1
93,1
198,1
294,1
39,1
110,1
53,1
45,1
54,1
59,1
50,1
319,1
94,1
52,1
60,1
70,1
358,1
94,1
277,1
117,1
56,1
54,1
24,1
158,1
11,1
63,1
163,1
14,1
3643,1
284,1
50,1
228,1
79,1
15,1
261,1
303,1
51,1
16,1
76,1
122,1
148,1
133,1
34,1
99,1
378,1
209,1
71,1
10,1
197,1
45,1
80,1
201,1
218,1
26,1
108,1
53,1
61,1
122,1
33,1
116,1
113,1
323,1
147,1
188,1
192,1
175,1
140,1
40,1
105,1
145,1
97,1
70,1
129,1
163,1
48,1
49,1
192,1
143,1
49,1
40,1
14,1
47,1
47,1
14,1
94,1
381,1
195,1
37,1
208,1
128,1
64,1
19,1
93,1
55,1
238,1
149,1
79,1
79,1
342,1
185,1
253,1
22,1
31,1
66,1
69,1
68,1
37,1
251,1
33,1
129,1
58,1
190,1
132,1
408,1
37,1
27,1
365,1
3056,1
229,1
56,1
26,1
119,1
214,1
36,1
123,1
71,1
33,1
95,1
151,1
35,1
405,1
427,1
181,1
67,1
102,1
113,1
110,1
111,1
109,1
275,1
66,1
111,1
146,1
16,1
577,1
86,1
87,1
30,1
89,1
38,1
50,1
21,1
78,1
233,1
17,1
157,1
53,1
11,1
58,1
23,1
175,1
342,1
4072,1
66,1
13,1
145,1
43,1
111,1
238,1
138,1
468,1
81,1
84,1
633,1
22,1
156,1
91,1
102,1
90,1
43,1
145,1
53,1
235,1
115,1
185,1
50,1
113,1
310,1
21,1
34,1
74,1
106,1
164,1
349,1
64,1
36,1
236,1
71,1
1743,1
67,1
10,1
237,1
158,1
426,1
178,1
39,1
404,1
123,1
164,1
120,1
49,1
136,1
256,1
181,1
213,1
14,1
155,1
42,1
113,1
1251,1
89,1
354,1
478,1
19,1
335,1
137,1
606,1
126,1
59,1
125,1
25,1
121,1
63,1
158,1
3747,1
79,1
152,1
183,1
63,1
35,1
55,1
16,1
10,1
86,1
135,1
71,1
128,1
120,1
49,1
31,1
317,1
21,1
288,1
59,1
83,1
20,1
363,1
128,1
35,1
93,1
85,1
18,1
59,1
117,1
129,1
35,1
102,1
155,1
11,1
75,1
28,1
97,1
238,1
677,1
135,1
34,1
84,1
338,1
28,1
64,1
67,1
80,1
156,1
92,1
294,1
100,1
38,1
1956,1
102,1
110,1
42,1
97,1
141,1
21,1
106,1
59,1
22,1
75,1
15,1
147,1
134,1
53,1
255,1
69,1
25,1
139,1
77,1
132,1
311,1
433,1
53,1
87,1
164,1
86,1
13,1
167,1
38,1
320,1
136,1
71,1
170,1
323,1
2208,1
287,1
183,1
155,1
39,1
39,1
170,1
186,1
78,1
208,1
163,1
194,1
106,1
141,1
89,1
83,1
148,1
163,1
189,1
146,1
89,1
153,1
49,1
24,1
307,1
51,1
282,1
299,1
30,1
282,1
238,1
72,1
20,1
170,1
325,1
71,1
1237,1
79,1
54,1
17,1
29,1
32,1
79,1
64,1
14,1
209,1
51,1
47,1
32,1
98,1
21,1
26,1
58,1
88,1
182,1
106,1
12,1
86,1
213,1
237,1
264,1
203,1
258,1
14,1
259,1
490,1
88,1
99,1
108,1
22,1
77,1
63,1
230,1
85,1
124,1
23,1
123,1
31,1
38,1
110,1
93,1
95,1
101,1
821,1
233,1
28,1
34,1
38,1
155,1
202,1
91,1
71,1
77,1
96,1
88,1
146,1
14,1
126,1
40,1
81,1
17,1
145,1
193,1
194,1
30,1
283,1
143,1
297,1
19,1
145,1
268,1
45,1
250,1
50,1
37,1
31,1
25,1
59,1
1024,1
17,1
301,1
37,1
296,1
279,1
158,1
52,1
30,1
51,1
13,1
239,1
42,1
438,1
94,1
19,1
13,1
31,1
44,1
325,1
1612,1
139,1
218,1
42,1
53,1
54,1
347,1
25,1
192,1
72,1
13,1
89,1
267,1
87,1
89,1
251,1
174,1
41,1
291,1
65,1
44,1
65,1
39,1
74,1
86,1
178,1
83,1
533,1
27,1
184,1
186,1
37,1
10,1
41,1
166,1
36,1
55,1
470,1
13,1
45,1
34,1
24,1
1274,1
181,1
84,1
283,1
122,1
44,1
28,1
119,1
20,1
107,1
226,1
159,1
59,1
273,1
946,1
398,1
237,1
49,1
231,1
84,1
236,1
98,1
36,1
24,1
77,1
169,1
43,1
114,1
222,1
2510,1
28,1
97,1
247,1
169,1
154,1
75,1
103,1
75,1
123,1
58,1
28,1
56,1
54,1
196,1
466,1
454,1
66,1
29,1
126,1
95,1
102,1
730,1
485,1
252,1
99,1
33,1
78,1
64,1
208,1
168,1
55,1
81,1
277,1
30,1
90,1
155,1
116,1
52,1
62,1
29,1
89,1
268,1
196,1
111,1
32,1
74,1
128,1
90,1
47,1
85,1
45,1
57,1
69,1
278,1
87,1
83,1
30,1
30,1
160,1
176,1
14,1
13,1
73,1
53,1
256,1
224,1
25,1
222,1
169,1
217,1
46,1
24,1
53,1
29,1
68,1
56,1
3833,1
28,1
91,1
50,1
190,1
38,1
124,1
147,1
88,1
18,1
62,1
23,1
164,1
59,1
18,1
275,1
87,1
121,1
234,1
114,1
284,1
29,1
69,1
172,1
29,1
128,1
23,1
26,1
137,1
71,1
223,1
83,1
80,1
130,1
85,1
253,1
131,1
478,1
196,1
142,1
2688,1
31,1
569,1
112,1
150,1
28,1
96,1
364,1
126,1
248,1
185,1
169,1
329,1
39,1
85,1
133,1
477,1
162,1
48,1
13,1
58,1
250,1
230,1
46,1
87,1
107,1
25,1
446,1
336,1
73,1
317,1
95,1
237,1
243,1
23,1
164,1
26,1
284,1
32,1
89,1
65,1
52,1
109,1
50,1
54,1
37,1
46,1
131,1
118,1
178,1
282,1
22,1
201,1
42,1
105,1
84,1
50,1
29,1
231,1
35,1
669,1
470,1
85,1
182,1
180,1
246,1
280,1
33,1
16,1
64,1
26,1
269,1
16,1
342,1
56,1
54,1
48,1
25,1
313,1
17,1
14,1
13,1
166,1
137,1
21,1
166,1
66,1
313,1
62,1
20,1
43,1
101,1
118,1
326,1
193,1
55,1
295,1
39,1
193,1
80,1
114,1
46,1
169,1
251,1
281,1
91,1
278,1
478,1
58,1
277,1
143,1
213,1
38,1
132,1
16,1
84,1
39,1
50,1
51,1
41,1
185,1
39,1
98,1
273,1
28,1
186,1
29,1
188,1
42,1
92,1
164,1
440,1
4302,1
174,1
13,1
100,1
126,1
24,1
311,1
629,1
41,1
70,1
227,1
64,1
336,1
615,1
40,1
130,1
44,1
113,1
24,1
38,1
98,1
183,1
142,1
41,1
69,1
241,1
131,1
86,1
76,1
19,1
29,1
156,1
4332,1
330,1
159,1
81,1
29,1
43,1
41,1
239,1
82,1
157,1
34,1
62,1
108,1
54,1
20,1
48,1
215,1
118,1
44,1
71,1
51,1
91,1
216,1
41,1
25,1
240,1
255,1
20,1
82,1
14,1
152,1
274,1
26,1
90,1
2058,1
25,1
247,1
320,1
14,1
145,1
12,1
69,1
146,1
225,1
83,1
601,1
18,1
186,1
198,1
131,1
54,1
113,1
451,1
119,1
17,1
102,1
55,1
29,1
66,1
38,1
11,1
119,1
56,1
231,1
120,1
66,1
371,1
128,1
39,1
125,1
79,1
22,1
42,1
43,1
102,1
97,1
134,1
162,1
280,1
190,1
4771,1
27,1
34,1
309,1
74,1
555,1
143,1
114,1
118,1
1712,1
52,1
126,1
119,1
31,1
221,1
250,1
83,1
197,1
81,1
15,1
139,1
257,1
43,1
221,1
266,1
165,1
238,1
270,1
85,1
207,1
41,1
26,1
76,1
69,1
205,1
38,1
79,1
97,1
98,1
67,1
68,1
186,1
385,1
33,1
144,1
394,1
41,1
77,1
136,1
349,1
324,1
16,1
30,1
142,1
178,1
53,1
306,1
54,1
46,1
407,1
116,1
194,1
131,1
272,1
260,1
45,1
2596,1
57,1
70,1
97,1
135,1
24,1
68,1
191,1
169,1
239,1
87,1
20,1
301,1
373,1
183,1
243,1
17,1
50,1
94,1
102,1
30,1
2529,1
19,1
68,1
29,1
319,1
42,1
55,1
130,1
159,1
68,1
142,1
147,1
93,1
55,1
91,1
62,1
178,1
195,1
75,1
372,1
53,1
297,1
82,1
4006,1
13,1
51,1
36,1
72,1
13,1
272,1
55,1
17,1
56,1
65,1
277,1
162,1
11,1
287,1
190,1
33,1
54,1
38,1
51,1
50,1
24,1
50,1
229,1
61,1
46,1
405,1
182,1
85,1
63,1
155,1
54,1
72,1
196,1
58,1
217,1
78,1
56,1
21,1
255,1
363,1
28,1
110,1
114,1
43,1
205,1
151,1
268,1
113,1
99,1
34,1
218,1
142,1
177,1
128,1
98,1
90,1
522,1
21,1
535,1
16,1
61,1
123,1
32,1
79,1
56,1
37,1
87,1
35,1
1666,1
19,1
294,1
234,1
3498,1
17,1
66,1
221,1
69,1
178,1
10,1
73,1
242,1
12,1
42,1
73,1
17,1
119,1
29,1
93,1
182,1
3004,1
65,1
181,1
137,1
28,1
47,1
26,1
516,1
31,1
67,1
120,1
115,1
131,1
28,1
98,1
291,1
101,1
313,1
172,1
110,1
116,1
112,1
53,1
43,1
34,1
182,1
133,1
42,1
92,1
301,1
426,1
25,1
147,1
211,1
191,1
291,1
125,1
250,1
229,1
100,1
148,1
135,1
29,1
158,1
193,1
10,1
105,1
16,1
138,1
85,1
477,1
2925,1
62,1
184,1
3243,1
146,1
92,1
250,1
93,1
255,1
33,1
22,1
294,1
114,1
115,1
81,1
81,1
103,1
54,1
234,1
555,1
260,1
92,1
221,1
165,1
393,1
80,1
105,1
148,1
151,1
60,1
69,1
448,1
74,1
117,1
80,1
114,1
128,1
27,1
698,1
449,1
10,1
82,1
35,1
38,1
561,1
320,1
369,1
49,1
21,1
107,1
90,1
400,1
25,1
32,1
137,1
197,1
100,1
41,1
21,1
115,1
221,1
211,1
44,1
112,1
275,1
233,1
109,1
303,1
234,1
14,1
19,1
88,1
146,1
31,1
72,1
84,1
44,1
95,1
235,1
362,1
36,1
80,1
12,1
176,1
121,1
96,1
272,1
20,1
162,1
31,1
54,1
127,1
13,1
31,1
149,1
340,1
47,1
12,1
192,1
37,1
28,1
15,1
55,1
115,1
12,1
68,1
28,1
23,1
41,1
121,1
506,1
75,1
110,1
145,1
220,1
24,1
33,1
94,1
31,1
48,1
47,1
97,1
205,1
47,1
134,1
86,1
288,1
174,1
93,1
16,1
68,1
267,1
56,1
64,1
178,1
21,1
216,1
158,1
298,1
18,1
104,1
55,1
63,1
11,1
378,1
115,1
40,1
28,1
242,1
314,1
211,1
30,1
27,1
72,1
206,1
249,1
345,1
121,1
216,1
155,1
53,1
67,1
275,1
36,1
3666,1
32,1
87,1
20,1
123,1
45,1
251,1
100,1
37,1
22,1
252,1
96,1
17,1
203,1
79,1
48,1
291,1
105,1
43,1
59,1
175,1
107,1
305,1
104,1
89,1
22,1
133,1
93,1
183,1
150,1
183,1
134,1
267,1
3175,1
1577,1
49,1
189,1
84,1
71,1
17,1
170,1
88,1
459,1
57,1
53,1
172,1
159,1
281,1
152,1
67,1
154,1
77,1
41,1
121,1
87,1
73,1
182,1
150,1
359,1
121,1
215,1
43,1
127,1
31,1
198,1
62,1
707,1
25,1
138,1
2370,1
236,1
58,1
60,1
56,1
14,1
36,1
96,1
138,1
58,1
160,1
182,1
227,1
69,1
18,1
46,1
81,1
36,1
189,1
110,1
55,1
52,1
37,1
27,1
122,1
265,1
206,1
183,1
144,1
27,1
112,1
60,1
82,1
135,1
426,1
124,1
177,1
22,1
36,1
222,1
96,1
165,1
11,1
196,1
270,1
332,1
218,1
14,1
128,1
13,1
70,1
64,1
80,1
101,1
16,1
89,1
106,1
34,1
232,1
75,1
137,1
37,1
72,1
102,1
1169,1
153,1
61,1
70,1
122,1
475,1
157,1
120,1
52,1
31,1
308,1
142,1
114,1
204,1
22,1
108,1
86,1
145,1
114,1
506,1
253,1
373,1
25,1
109,1
288,1
287,1
58,1
373,2
20,2
174,2
55,2
125,2
31,2
71,2
658,2
106,2
48,2
13,2
57,2
283,2
111,2
12,2
28,2
827,2
34,2
206,2
302,2
202,2
498,2
31,2
164,2
103,2
328,2
229,2
274,2
86,2
321,2
92,2
58,2
32,2
48,2
55,2
160,2
99,2
119,2
38,2
345,2
19,2
169,2
36,2
17,2
49,2
266,2
101,2
44,2
271,2
165,2
65,2
147,2
390,2
171,2
46,2
31,2
154,2
15,2
30,2
61,2
177,2
60,2
83,2
175,2
183,2
160,2
41,2
56,2
83,2
26,2
71,2
29,2
46,2
77,2
4580,2
146,2
27,2
84,2
315,2
13,2
164,2
20,2
203,2
64,2
50,2
30,2
31,2
21,2
12,2
23,2
146,2
104,2
152,2
39,2
78,2
120,2
335,2
322,2
90,2
981,2
52,2
67,2
3387,2
54,2
147,2
3708,2
134,2
281,2
10,2
54,2
40,2
25,2
165,2
62,2
46,2
128,2
71,2
23,2
88,2
160,2
405,2
67,2
257,2
170,2
93,2
71,2
121,2
156,2
20,2
115,2
33,2
212,2
207,2
150,2
14,2
71,2
276,2
33,2
30,2
437,2
59,2
98,2
31,2
42,2
64,2
170,2
166,2
69,2
71,2
49,2
171,2
138,2
107,2
309,2
221,2
103,2
218,2
272,2
56,2
302,2
34,2
73,2
113,2
39,2
70,2
209,2
323,2
92,2
11,2
91,2
33,2
452,2
63,2
103,2
18,2
329,2
85,2
85,2
127,2
185,2
760,2
130,2
166,2
95,2
148,2
50,2
10,2
243,2
38,2
94,2
154,2
54,2
56,2
375,2
136,2
321,2
39,2
242,2
96,2
15,2
111,2
17,2
148,2
249,2
64,2
65,2
260,2
27,2
586,2
49,2
279,2
181,2
35,2
27,2
108,2
213,2
50,2
121,2
172,2
72,2
160,2
440,2
103,2
19,2
91,2
295,2
21,2
56,2
434,2
32,2
269,2
139,2
2634,2
230,2
51,2
30,2
331,2
28,2
45,2
45,2
44,2
126,2
67,2
17,2
244,2
195,2
101,2
60,2
126,2
741,2
89,2
56,2
122,2
105,2
564,2
84,2
101,2
24,2
26,2
150,2
19,2
207,2
878,2
40,2
78,2
60,2
87,2
89,2
28,2
156,2
16,2
10,2
60,2
43,2
10,2
44,2
207,2
131,2
138,2
346,2
197,2
98,2
30,2
33,2
61,2
27,2
53,2
22,2
102,2
50,2
28,2
23,2
181,2
71,2
28,2
47,2
105,2
253,2
29,2
153,2
28,2
316,2
21,2
259,2
415,2
58,2
243,2
18,2
145,2
53,2
134,2
365,2
3439,2
105,2
101,2
37,2
155,2
83,2
62,2
46,2
89,2
88,2
55,2
124,2
40,2
142,2
151,2
38,2
53,2
247,2
56,2
46,2
61,2
76,2
12,2
27,2
125,2
18,2
312,2
94,2
315,2
53,2
330,2
159,2
120,2
101,2
39,2
144,2
129,2
80,2
71,2
68,2
41,2
219,2
368,2
16,2
73,2
23,2
100,2
117,2
173,2
13,2
27,2
57,2
127,2
362,2
110,2
146,2
28,2
143,2
366,2
61,2
124,2
198,2
373,2
211,2
97,2
13,2
234,2
4388,2
254,2
105,2
80,2
202,2
15,2
428,2
147,2
299,2
44,2
287,2
305,2
121,2
42,2
10,2
95,2
139,2
99,2
73,2
26,2
85,2
458,2
99,2
80,2
207,2
31,2
26,2
12,2
477,2
113,2
81,2
77,2
40,2
385,2
129,2
54,2
453,2
113,2
44,2
65,2
86,2
110,2
86,2
183,2
96,2
179,2
403,2
122,2
84,2
432,2
128,2
156,2
207,2
29,2
139,2
95,2
213,2
309,2
73,2
198,2
146,2
73,2
84,2
361,2
124,2
34,2
58,2
122,2
319,2
22,2
258,2
28,2
11,2
139,2
10,2
302,2
176,2
60,2
71,2
91,2
21,2
66,2
67,2
287,2
138,2
38,2
72,2
38,2
10,2
175,2
149,2
125,2
91,2
1104,2
626,2
129,2
135,2
49,2
12,2
25,2
65,2
19,2
28,2
191,2
136,2
261,2
309,2
161,2
314,2
111,2
308,2
55,2
249,2
85,2
512,2
63,2
158,2
36,2
40,2
49,2
19,2
245,2
165,2
27,2
177,2
186,2
61,2
19,2
16,2
93,2
64,2
53,2
30,2
10,2
28,2
163,2
194,2
324,2
606,2
169,2
211,2
266,2
39,2
14,2
79,2
111,2
102,2
254,2
383,2
188,2
133,2
158,2
99,2
128,2
494,2
19,2
27,2
149,2
84,2
16,2
12,2
215,2
43,2
15,2
27,2
357,2
622,2
187,2
24,2
796,2
35,2
3124,2
241,2
246,2
113,2
371,2
111,2
255,2
52,2
140,2
202,2
78,2
105,2
46,2
117,2
284,2
105,2
50,2
66,2
40,2
26,2
36,2
216,2
55,2
182,2
67,2
291,2
80,2
71,2
42,2
72,2
255,2
514,2
288,2
124,2
137,2
98,2
17,2
109,2
172,2
15,2
82,2
46,2
47,2
45,2
11,2
34,2
90,2
1024,2
456,2
16,2
18,2
30,2
39,2
112,2
79,2
193,2
59,2
19,2
102,2
228,2
30,2
25,2
12,2
49,2
298,2
35,2
1793,2
298,2
106,2
49,2
44,2
145,2
33,2
10,2
117,2
50,2
267,2
27,2
45,2
93,2
39,2
20,2
112,2
52,2
409,2
15,2
21,2
142,2
63,2
130,2
78,2
22,2
138,2
130,2
86,2
90,2
35,2
140,2
37,2
55,2
119,2
58,2
381,2
1706,2
201,2
185,2
235,2
24,2
112,2
131,2
181,2
33,2
319,2
20,2
100,2
48,2
212,2
54,2
21,2
13,2
864,2
209,2
12,2
10,2
41,2
147,2
155,2
467,2
408,2
596,2
94,2
121,2
58,2
657,2
93,2
71,2
164,2
15,2
381,2
155,2
109,2
181,2
197,2
430,2
83,2
377,2
43,2
218,2
271,2
25,2
104,2
271,2
14,2
161,2
329,2
302,2
105,2
31,2
148,2
627,2
32,2
44,2
191,2
41,2
152,2
180,2
185,2
2547,2
102,2
103,2
22,2
228,2
33,2
29,2
26,2
60,2
126,2
131,2
470,2
132,2
45,2
394,2
16,2
39,2
36,2
192,2
124,2
121,2
57,2
44,2
215,2
167,2
87,2
59,2
20,2
175,2
74,2
126,2
50,2
398,2
12,2
137,2
374,2
287,2
321,2
24,2
53,2
223,2
93,2
192,2
112,2
119,2
79,2
71,2
101,2
71,2
151,2
75,2
239,2
315,2
12,2
103,2
279,2
227,2
2154,2
52,2
14,2
56,2
224,2
96,2
71,2
1501,2
10,2
35,2
114,2
156,2
118,2
23,2
25,2
49,2
421,2
77,2
18,2
29,2
218,2
160,2
313,2
43,2
95,2
151,2
514,2
47,2
53,2
320,2
16,2
35,2
61,2
41,2
361,2
95,2
60,2
247,2
54,2
90,2
193,2
357,2
13,2
102,2
270,2
100,2
27,2
136,2
151,2
195,2
151,2
246,2
117,2
106,2
149,2
55,2
43,2
11,2
170,2
91,2
37,2
4540,2
32,2
120,2
75,2
363,2
4297,2
87,2
12,2
32,2
147,2
61,2
16,2
22,2
37,2
77,2
218,2
40,2
110,2
169,2
154,2
50,2
182,2
106,2
13,2
59,2
227,2
74,2
28,2
10,2
131,2
404,2
416,2
29,2
151,2
14,2
93,2
186,2
21,2
157,2
144,2
175,2
232,2
122,2
182,2
85,2
77,2
312,2
29,2
39,2
15,2
73,2
33,2
190,2
75,2
191,2
28,2
38,2
25,2
43,2
171,2
103,2
14,2
44,2
554,2
153,2
104,2
159,2
14,2
43,2
90,2
184,2
69,2
88,2
205,2
137,2
30,2
199,2
80,2
55,2
53,2
234,2
18,2
216,2
25,2
196,2
322,2
131,2
141,2
48,2
18,2
598,2
2363,2
164,2
216,2
140,2
185,2
17,2
73,2
186,2
112,2
61,2
565,2
263,2
61,2
11,2
65,2
89,2
4795,2
160,2
48,2
29,2
224,2
70,2
495,2
63,2
429,2
14,2
18,2
299,2
169,2
223,2
74,2
362,2
68,2
81,2
283,2
26,2
242,2
169,2
169,2
136,2
332,2
17,2
120,2
38,2
87,2
51,2
19,2
45,2
12,2
61,2
81,2
132,2
2850,2
11,2
12,2
43,2
136,2
4563,2
84,2
56,2
156,2
48,2
235,2
16,2
57,2
110,2
208,2
20,2
28,2
66,2
183,2
47,2
51,2
206,2
428,2
53,2
124,2
169,2
181,2
538,2
15,2
119,2
57,2
231,2
249,2
67,2
111,2
89,2
217,2
111,2
228,2
130,2
71,2
72,2
120,2
71,2
11,2
55,2
44,2
48,2
173,2
13,2
53,2
415,2
338,2
29,2
14,2
112,2
186,2
79,2
109,2
22,2
54,2
103,2
173,2
26,2
11,2
21,2
145,2
19,2
159,2
89,2
49,2
37,2
4522,2
118,2
135,2
166,2
51,2
76,2
362,2
111,2
103,2
159,2
121,2
262,2
447,2
148,2
48,2
264,2
57,2
55,2
38,2
341,2
241,2
168,2
103,2
158,2
17,2
67,2
536,2
229,2
193,2
39,2
516,2
82,2
247,2
28,2
138,2
13,2
51,2
130,2
125,2
12,2
97,2
4597,2
20,2
147,2
331,2
43,2
31,2
54,2
80,2
205,2
182,2
207,2
170,2
213,2
104,2
327,2
44,2
45,2
133,2
307,2
52,2
230,2
287,2
122,2
115,2
132,2
21,2
81,2
60,2
214,2
133,2
49,2
24,2
70,2
359,2
101,2
20,2
161,2
118,2
49,2
223,2
139,2
141,2
53,2
189,2
78,2
49,2
290,2
193,2
16,2
144,2
72,2
21,2
213,2
100,2
25,2
28,2
107,2
460,2
347,2
303,2
286,2
200,2
324,2
19,2
75,2
60,2
252,2
94,2
136,2
62,2
182,2
380,2
101,2
57,2
104,2
80,2
77,2
165,2
23,2
183,2
120,2
151,2
620,2
203,2
33,2
67,2
74,2
35,2
196,2
78,2
169,2
310,2
189,2
84,2
40,2
127,2
51,2
118,2
10,2
78,2
12,2
220,2
11,2
93,2
66,2
120,2
111,2
60,2
288,2
41,2
55,2
27,2
128,2
189,2
85,2
120,2
219,2
273,2
338,2
37,2
234,2
42,2
109,2
151,2
28,2
54,2
47,2
74,2
220,2
345,2
64,2
81,2
85,2
78,2
111,2
53,2
24,2
206,2
49,2
241,2
66,2
40,2
35,2
23,2
61,2
94,2
29,2
83,2
333,2
158,2
103,2
79,2
214,2
202,2
381,2
15,2
89,2
41,2
199,2
147,2
845,2
172,2
199,2
21,2
319,2
274,2
129,2
3030,2
74,2
106,2
60,2
53,2
50,2
166,2
86,2
23,2
62,2
24,2
60,2
174,2
46,2
144,2
199,2
297,2
85,2
23,2
121,2
18,2
30,2
69,2
87,2
77,2
18,2
92,2
182,2
275,2
232,2
27,2
40,2
11,2
205,2
63,2
71,2
299,2
211,2
335,2
10,2
68,2
25,2
354,2
97,2
25,2
73,2
88,2
20,2
217,2
132,2
143,2
38,2
563,2
56,2
76,2
61,2
25,2
24,2
243,2
114,2
153,2
62,2
62,2
87,2
3985,2
175,2
213,2
283,2
17,2
93,2
176,2
129,2
44,2
153,2
103,2
123,2
24,2
103,2
148,2
256,2
167,2
112,2
132,2
123,2
139,2
46,2
270,2
15,2
128,2
264,2
161,2
31,2
85,2
27,2
10,2
239,2
160,2
30,2
58,2
20,2
529,2
152,2
22,2
317,2
54,2
264,2
187,2
202,2
138,2
221,2
21,2
218,2
38,2
46,2
172,2
119,2
65,2
118,2
215,2
27,2
37,2
11,2
75,2
18,2
203,2
75,2
165,2
61,2
76,2
19,2
136,2
137,2
33,2
20,2
23,2
204,2
14,2
95,2
75,2
98,2
105,2
123,2
18,2
43,2
12,2
117,2
109,2
171,2
137,2
34,2
36,2
135,2
13,2
32,2
25,2
2348,2
25,2
67,2
30,2
413,2
55,2
91,2
44,2
77,2
19,2
103,2
69,2
94,2
21,2
33,2
153,2
100,2
127,2
88,2
106,2
30,2
85,2
92,2
65,2
57,2
10,2
214,2
151,2
154,2
255,2
131,2
135,2
169,2
114,2
42,2
21,2
194,2
192,2
239,2
15,2
144,2
12,2
159,2
31,2
13,2
60,2
67,2
348,2
31,2
57,2
240,2
133,2
180,2
131,2
316,2
735,2
41,2
24,2
363,2
35,2
30,2
396,2
98,2
142,2
61,2
301,2
322,2
84,2
25,2
161,2
111,2
118,2
129,2
17,2
46,2
250,2
187,2
79,2
255,2
360,2
79,2
209,2
104,2
115,2
43,2
48,2
4152,2
43,2
170,2
118,2
142,2
104,2
97,2
224,2
71,2
87,2
228,2
19,2
62,2
128,2
40,2
97,2
69,2
513,2
159,2
163,2
209,2
162,2
16,2
155,2
191,2
318,2
34,2
11,2
489,2
101,2
190,2
51,2
156,2
164,2
162,2
130,2
83,2
85,2
112,2
126,2
698,2
138,2
199,2
46,2
131,2
219,2
47,2
39,2
429,2
115,2
371,2
228,2
20,2
92,2
39,2
93,2
276,2
36,2
25,2
14,2
236,2
87,2
55,2
70,2
157,2
24,2
178,2
250,2
118,2
126,2
179,2
545,2
499,2
36,2
188,2
11,2
410,2
18,2
194,2
25,2
24,2
106,2
33,2
161,2
49,2
153,2
121,2
181,2
65,2
123,2
92,2
42,2
73,2
16,2
112,2
59,2
104,2
36,2
14,2
311,2
379,2
63,2
218,2
218,2
3812,2
84,2
104,2
47,2
51,2
43,2
36,2
23,2
52,2
111,2
173,2
150,2
243,2
327,2
31,2
34,2
59,2
19,2
212,2
170,2
112,2
44,2
168,2
20,2
36,2
101,2
360,2
95,2
202,2
132,2
51,2
12,2
317,2
36,2
87,2
216,2
523,2
237,2
14,2
193,2
170,2
78,2
68,2
28,2
311,2
50,2
29,2
24,2
522,2
151,2
229,2
283,2
164,2
201,2
17,2
155,2
214,2
88,2
449,2
11,2
14,2
65,2
3872,2
19,2
71,2
256,2
359,2
66,2
33,2
209,2
61,2
71,2
28,2
17,2
66,2
81,2
606,2
118,2
138,2
162,2
145,2
211,2
36,2
151,2
299,2
18,2
302,2
47,2
283,2
83,2
49,2
282,2
223,2
155,2
134,2
426,2
38,2
148,2
476,2
21,2
2533,2
298,2
54,2
57,2
83,2
281,2
70,2
93,2
25,2
51,2
74,2
24,2
164,2
202,2
31,2
46,2
27,2
15,2
104,2
66,2
41,2
190,2
151,2
35,2
73,2
252,2
57,2
82,2
68,2
305,2
42,2
195,2
94,2
461,2
289,2
206,2
174,2
95,2
26,2
140,2
200,2
943,2
313,2
11,2
72,2
128,2
73,2
621,2
129,2
52,2
22,2
103,2
100,2
23,2
102,2
186,2
256,2
46,2
169,2
60,2
148,2
127,2
95,2
37,2
112,2
125,2
306,2
60,2
117,2
200,2
419,2
17,2
90,2
487,2
166,2
10,2
87,2
323,2
235,2
60,2
79,2
383,2
35,2
99,2
39,2
267,2
225,2
42,2
73,2
163,2
45,2
73,2
187,2
50,2
41,2
500,2
66,2
24,2
140,2
52,2
363,2
167,2
176,2
46,2
433,2
152,2
116,2
18,2
256,2
67,2
134,2
208,2
189,2
83,2
80,2
107,2
324,2
136,2
227,2
127,2
143,2
88,2
48,2
174,2
70,2
130,2
150,2
473,2
90,2
26,2
34,2
60,2
159,2
41,2
57,2
25,2
372,2
42,2
238,2
17,2
73,2
210,2
142,2
24,2
72,2
133,2
56,2
122,2
239,2
149,2
136,2
188,2
180,2
26,2
392,2
141,2
15,2
55,2
33,2
286,2
74,2
66,2
64,2
102,2
129,2
4011,2
17,2
192,2
167,2
127,2
76,2
192,2
79,2
262,2
76,2
186,2
172,2
69,2
134,2
23,2
60,2
103,2
2381,2
33,2
329,2
46,2
59,2
72,2
129,2
101,2
211,2
179,2
133,2
37,2
127,2
172,2
464,2
12,2
62,2
122,2
127,2
286,2
74,2
125,2
276,2
81,2
221,2
10,2
133,2
68,2
138,2
676,2
86,2
162,2
36,2
169,2
79,2
3670,2
19,2
116,2
106,2
155,2
145,2
118,2
137,2
108,2
175,2
162,2
77,2
46,2
129,2
33,2
42,2
65,2
82,2
13,2
122,2
42,2
147,2
126,2
51,2
27,2
65,2
76,2
234,2
211,2
91,2
52,2
24,2
94,2
14,2
142,2
54,2
38,2
35,2
52,2
43,2
20,2
340,2
21,2
27,2
254,2
22,2
94,2
84,2
87,2
168,2
82,2
182,2
112,2
174,2
127,2
107,2
46,2
312,2
150,2
3702,2
12,2
17,2
88,2
136,2
45,2
127,2
204,2
102,2
253,2
133,2
98,2
174,2
81,2
253,2
37,2
63,2
87,2
80,2
66,2
87,2
22,2
62,2
224,2
103,2
16,2
27,2
170,2
179,2
24,2
94,2
11,2
176,2
54,2
44,2
222,2
91,2
52,2
58,2
126,2
291,2
59,2
274,2
135,2
32,2
78,2
124,2
280,2
70,2
203,2
12,2
114,2
233,2
109,2
139,2
52,2
95,2
140,2
13,2
29,2
101,2
143,2
126,2
258,2
12,2
58,2
79,2
166,2
160,2
25,2
144,2
211,2
23,2
121,2
50,2
125,2
134,2
163,2
70,2
34,2
64,2
78,2
65,2
55,2
165,2
351,2
18,2
84,2
192,2
435,2
88,2
44,2
14,2
24,2
54,2
36,2
82,2
49,2
317,2
687,2
138,2
77,2
49,2
47,2
62,2
3248,2
15,2
93,2
21,2
170,2
228,2
62,2
27,2
115,2
202,2
89,2
46,2
184,2
43,2
47,2
41,2
28,2
22,2
130,2
279,2
370,2
185,2
26,2
285,2
16,2
94,2
207,2
51,2
198,2
323,2
56,2
14,2
327,2
27,2
16,2
18,2
98,2
59,2
100,2
23,2
36,2
196,2
105,2
31,2
14,2
4956,2
300,2
10,2
31,2
273,2
130,2
375,2
30,2
426,2
281,2
98,2
112,2
197,2
155,2
159,2
136,2
30,2
16,2
498,2
88,2
91,2
27,2
13,2
51,2
55,2
322,2
207,2
216,2
458,2
207,2
169,2
336,2
52,2
17,2
97,2
306,2
79,2
64,2
2023,2
52,2
14,2
141,2
137,2
145,2
67,2
21,2
93,2
38,2
208,2
64,2
30,2
15,2
230,2
18,2
10,2
141,2
23,2
62,2
434,2
162,2
13,2
28,2
111,2
24,2
233,2
250,2
231,2
629,2
266,2
122,2
43,2
259,2
142,2
56,2
29,2
108,2
10,2
116,2
199,2
113,2
58,2
89,2
11,2
85,2
42,2
44,2
273,2
275,2
105,2
27,2
72,2
40,2
13,2
24,2
465,2
60,2
22,2
11,2
48,2
39,2
168,2
191,2
214,2
22,2
25,2
84,2
203,2
34,2
109,2
133,2
167,2
14,2
16,2
56,2
71,2
54,2
750,2
99,2
26,2
615,2
10,2
104,2
3003,2
10,2
30,2
315,2
154,2
22,2
81,2
403,2
54,2
111,2
37,2
51,2
359,2
106,2
39,2
28,2
252,2
20,2
3286,2
32,2
48,2
71,2
21,2
142,2
191,2
67,2
51,2
115,2
46,2
264,2
222,2
16,2
29,2
72,2
122,2
159,2
37,2
180,2
41,2
60,2
32,2
197,2
247,2
82,2
200,2
2832,2
133,2
100,2
15,2
1808,2
178,2
50,2
303,2
32,2
235,2
70,2
36,2
79,2
158,2
241,2
54,2
254,2
14,2
40,2
72,2
107,2
13,2
192,2
350,2
193,2
101,2
35,2
56,2
149,2
22,2
328,2
346,2
17,2
92,2
17,2
228,2
83,2
1124,2
13,2
15,2
83,2
111,2
35,2
151,2
93,2
386,2
83,2
47,2
21,2
304,2
195,2
115,2
28,2
416,2
138,2
87,2
121,2
40,2
77,2
12,2
92,2
27,2
186,2
176,2
147,2
25,2
138,2
262,2
10,2
111,2
33,2
87,2
564,2
243,2
47,2
159,2
32,2
79,2
43,2
110,2
415,2
34,2
54,2
46,2
38,2
290,2
360,2
28,2
204,2
16,2
4689,2
38,2
209,2
10,2
289,2
12,2
690,2
153,2
136,2
16,2
39,2
47,2
39,2
251,2
38,2
18,2
25,2
169,2
84,2
418,2
38,2
418,2
131,2
78,2
194,2
85,2
227,2
25,2
171,2
20,2
84,2
24,2
224,2
325,2
937,2
77,2
73,2
87,2
113,2
34,2
14,2
60,2
20,2
164,2
113,2
12,2
97,2
69,2
143,2
31,2
15,2
82,2
306,2
77,2
332,2
29,2
158,2
477,2
120,2
156,2
137,2
87,2
171,2
178,2
705,2
19,2
146,2
31,2
183,2
56,2
112,2
52,2
400,2
240,2
132,2
246,2
660,2
67,2
213,2
222,2
2399,2
19,2
43,2
229,2
51,2
34,2
67,2
76,2
165,2
12,2
71,2
177,2
87,2
271,2
373,2
142,2
66,2
10,2
54,2
54,2
628,2
135,2
86,2
52,2
29,2
14,2
48,2
197,2
63,2
56,2
232,2
67,2
19,2
13,2
32,2
60,2
167,2
37,2
119,2
18,2
16,2
37,2
11,2
21,2
80,2
97,2
158,2
635,2
88,2
269,2
212,2
38,2
552,2
15,2
188,2
217,2
715,2
58,2
416,2
83,2
63,2
140,2
128,2
105,2
49,2
255,2
72,2
50,2
27,2
25,2
49,2
196,2
308,2
38,2
148,2
67,2
16,2
47,2
113,2
12,2
341,2
109,2
43,2
62,2
144,2
110,2
32,2
160,2
153,2
15,2
594,2
150,2
25,2
41,2
129,2
390,2
83,2
21,2
119,2
102,2
78,2
17,2
216,2
102,2
165,2
1093,2
321,2
19,2
53,2
25,2
32,2
19,2
2670,2
251,2
207,2
388,2
19,2
39,2
180,2
108,2
125,2
293,2
121,2
62,2
204,2
267,2
191,2
78,2
324,2
53,2
47,2
87,2
151,2
90,2
275,2
49,2
162,2
37,2
259,2
216,2
135,2
64,2
62,2
123,2
16,2
376,2
146,2
18,2
133,2
37,2
112,2
197,2
20,2
324,2
212,2
143,2
22,2
332,2
144,2
33,2
73,2
24,2
171,2
2521,2
32,2
61,2
249,2
516,2
27,2
32,2
34,2
73,2
179,2
221,2
43,2
149,2
56,2
248,2
147,2
253,2
15,2
257,2
102,2
135,2
181,2
140,2
38,2
153,2
122,2
125,2
80,2
198,2
18,2
1589,2
341,2
249,2
28,2
103,2
96,2
183,2
165,2
469,2
50,2
95,2
241,2
202,2
51,2
738,2
89,2
195,2
29,2
266,2
68,2
217,2
73,2
219,2
15,2
197,2
141,2
193,2
86,2
144,2
273,2
40,2
82,2
167,2
25,2
142,2
62,2
55,2
21,2
11,2
362,2
844,2
71,2
57,2
247,2
93,2
105,2
103,2
74,2
368,2
143,2
37,2
141,2
113,2
21,2
31,2
93,2
73,2
346,2
141,2
125,2
279,2
90,2
178,2
22,2
157,2
111,2
175,2
25,2
104,2
42,2
265,2
326,2
266,2
138,2
121,2
95,2
69,2
43,2
163,2
107,2
119,2
30,2
655,2
416,2
45,2
81,2
160,2
286,2
78,2
79,2
160,2
24,2
141,2
374,2
44,2
61,2
130,2
12,2
127,2
119,2
11,2
440,2
22,2
217,2
13,2
155,2
59,2
41,2
26,2
523,2
29,2
438,2
351,2
169,2
75,2
235,2
21,2
45,2
216,2
15,2
36,2
267,2
11,2
130,2
173,2
258,2
163,2
231,2
95,2
269,2
69,2
38,2
87,2
171,2
199,2
189,2
103,2
2761,2
135,2
62,2
167,2
133,2
91,2
161,2
4818,2
65,2
112,2
68,2
55,2
258,2
280,2
165,2
124,2
28,2
20,2
28,2
33,2
145,2
52,2
105,2
31,2
60,2
1185,2
26,2
37,2
135,2
48,2
32,2
128,2
48,2
68,2
317,2
158,2
35,2
106,2
118,2
20,2
40,2
112,2
227,2
66,2
190,2
66,2
19,2
90,2
66,2
1210,2
30,2
282,2
80,2
114,2
59,2
193,2
25,2
186,2
146,2
36,2
52,2
28,2
62,2
121,2
378,2
76,2
179,2
70,2
10,2
481,2
297,2
585,2
361,2
57,2
67,2
14,2
25,2
378,2
130,2
330,2
146,2
200,2
87,2
35,2
18,2
46,2
109,2
12,2
13,2
307,2
109,2
519,2
78,2
66,2
316,2
130,2
63,2
163,2
304,2
86,2
212,2
91,2
38,2
38,2
162,2
150,2
106,2
44,2
170,2
240,2
150,2
160,2
57,2
185,2
99,2
105,2
107,2
132,2
124,2
40,2
21,2
384,2
253,2
191,2
79,2
36,2
37,2
78,2
88,2
49,2
186,2
252,2
19,2
169,2
115,2
11,2
187,2
166,2
184,2
140,2
278,2
328,2
63,2
23,2
203,2
52,2
147,2
19,2
138,2
19,2
227,2
291,2
76,2
25,2
1428,2
210,2
149,2
184,2
63,2
124,2
79,2
49,2
33,2
122,2
150,2
504,2
14,2
84,2
62,2
89,2
110,2
57,2
79,2
23,2
95,2
23,2
31,2
89,2
81,2
122,2
86,2
77,2
15,2
23,2
152,2
49,2
56,2
160,2
262,2
358,2
79,2
407,2
205,2
46,2
109,2
135,2
133,2
38,2
340,2
493,2
160,2
113,2
3393,2
567,2
184,0
46,0
73,0
54,0
117,0
96,0
183,0
45,0
510,0
296,0
171,0
151,0
23,0
126,0
428,0
257,0
211,0
11,0
72,0
145,0
4053,0
59,0
159,0
316,0
210,0
106,0
625,0
773,0
54,0
26,0
324,0
207,0
51,0
207,0
44,0
222,0
500,0
18,0
27,0
14,0
158,0
151,0
101,0
43,0
150,0
76,0
93,0
158,0
64,0
25,0
60,0
12,0
160,0
33,0
17,0
248,0
219,0
349,0
19,0
35,0
25,0
231,0
124,0
444,0
90,0
17,0
106,0
232,0
19,0
80,0
87,0
158,0
47,0
88,0
113,0
38,0
201,0
31,0
25,0
144,0
3367,0
266,0
138,0
142,0
154,0
20,0
106,0
186,0
126,0
119,0
246,0
55,0
227,0
121,0
31,0
83,0
148,0
13,0
113,0
162,0
18,0
82,0
304,0
10,0
58,0
16,0
460,0
107,0
483,0
27,0
3430,0
39,0
10,0
102,0
25,0
264,0
483,0
247,0
20,0
84,0
253,0
100,0
62,0
50,0
343,0
47,0
66,0
243,0
410,0
94,0
85,0
262,0
68,0
28,0
60,0
22,0
14,0
29,0
65,0
27,0
171,0
55,0
170,0
232,0
24,0
90,0
206,0
26,0
94,0
60,0
30,0
112,0
597,0
213,0
40,0
22,0
52,0
201,0
40,0
40,0
118,0
36,0
222,0
13,0
182,0
94,0
136,0
206,0
23,0
65,0
23,0
92,0
135,0
100,0
279,0
787,0
265,0
339,0
2617,0
14,0
46,0
237,0
166,0
18,0
260,0
41,0
11,0
59,0
29,0
436,0
295,0
115,0
211,0
584,0
301,0
104,0
225,0
202,0
118,0
207,0
10,0
97,0
18,0
362,0
74,0
17,0
26,0
228,0
14,0
93,0
165,0
30,0
75,0
70,0
88,0
14,0
132,0
108,0
69,0
93,0
126,0
133,0
26,0
129,0
26,0
207,0
263,0
214,0
199,0
197,0
184,0
202,0
15,0
92,0
366,0
114,0
22,0
280,0
157,0
54,0
78,0
325,0
76,0
193,0
13,0
152,0
320,0
167,0
18,0
13,0
11,0
220,0
285,0
38,0
353,0
10,0
13,0
251,0
24,0
404,0
428,0
89,0
350,0
134,0
620,0
117,0
290,0
211,0
44,0
52,0
15,0
12,0
19,0
108,0
28,0
134,0
82,0
376,0
74,0
170,0
38,0
88,0
206,0
110,0
205,0
72,0
79,0
84,0
28,0
134,0
38,0
3688,0
10,0
190,0
107,0
160,0
149,0
42,0
50,0
25,0
15,0
102,0
72,0
45,0
183,0
121,0
203,0
61,0
45,0
32,0
52,0
115,0
103,0
134,0
195,0
52,0
132,0
157,0
120,0
145,0
88,0
89,0
57,0
17,0
178,0
129,0
88,0
11,0
18,0
152,0
146,0
347,0
10,0
136,0
294,0
114,0
80,0
69,0
138,0
29,0
29,0
38,0
62,0
78,0
171,0
81,0
162,0
14,0
262,0
177,0
42,0
21,0
181,0
274,0
16,0
144,0
107,0
79,0
46,0
60,0
16,0
52,0
531,0
150,0
72,0
84,0
23,0
205,0
84,0
13,0
66,0
101,0
37,0
173,0
252,0
61,0
15,0
19,0
168,0
213,0
86,0
20,0
188,0
320,0
19,0
183,0
14,0
92,0
262,0
57,0
110,0
105,0
53,0
124,0
47,0
25,0
22,0
45,0
174,0
176,0
251,0
137,0
174,0
148,0
143,0
229,0
99,0
42,0
51,0
214,0
58,0
13,0
72,0
98,0
188,0
193,0
156,0
172,0
185,0
120,0
294,0
231,0
64,0
11,0
140,0
94,0
90,0
241,0
124,0
222,0
69,0
14,0
411,0
81,0
142,0
147,0
64,0
172,0
12,0
13,0
41,0
18,0
450,0
284,0
80,0
33,0
543,0
69,0
47,0
173,0
86,0
323,0
70,0
1142,0
143,0
158,0
43,0
33,0
396,0
177,0
111,0
78,0
23,0
162,0
15,0
175,0
131,0
94,0
147,0
97,0
182,0
210,0
11,0
51,0
14,0
108,0
14,0
25,0
16,0
680,0
150,0
336,0
186,0
99,0
231,0
25,0
211,0
44,0
103,0
31,0
30,0
221,0
16,0
62,0
52,0
73,0
32,0
113,0
61,0
3945,0
144,0
46,0
18,0
50,0
102,0
135,0
360,0
106,0
80,0
11,0
221,0
46,0
57,0
160,0
28,0
4198,0
143,0
112,0
377,0
75,0
210,0
11,0
359,0
132,0
94,0
45,0
49,0
331,0
83,0
83,0
212,0
400,0
326,0
134,0
45,0
192,0
21,0
11,0
187,0
194,0
70,0
14,0
228,0
162,0
13,0
100,0
112,0
10,0
24,0
15,0
239,0
56,0
521,0
49,0
121,0
55,0
26,0
90,0
187,0
223,0
109,0
132,0
62,0
20,0
216,0
47,0
46,0
347,0
30,0
109,0
118,0
14,0
219,0
138,0
43,0
31,0
141,0
110,0
221,0
216,0
78,0
84,0
98,0
253,0
56,0
173,0
4986,0
75,0
55,0
16,0
163,0
232,0
16,0
295,0
147,0
210,0
13,0
36,0
64,0
63,0
127,0
11,0
109,0
94,0
16,0
202,0
47,0
22,0
60,0
88,0
305,0
51,0
68,0
107,0
33,0
135,0
270,0
368,0
279,0
15,0
50,0
43,0
269,0
267,0
112,0
4791,0
3204,0
33,0
13,0
10,0
330,0
29,0
200,0
76,0
152,0
325,0
40,0
27,0
63,0
288,0
69,0
43,0
321,0
45,0
102,0
124,0
267,0
126,0
71,0
104,0
29,0
189,0
472,0
23,0
86,0
89,0
318,0
186,0
66,0
64,0
100,0
268,0
168,0
68,0
108,0
75,0
38,0
24,0
13,0
86,0
161,0
78,0
28,0
32,0
27,0
293,0
51,0
152,0
312,0
192,0
31,0
436,0
29,0
175,0
42,0
68,0
88,0
75,0
22,0
29,0
133,0
272,0
196,0
121,0
98,0
172,0
20,0
25,0
167,0
148,0
156,0
215,0
31,0
287,0
97,0
13,0
32,0
74,0
81,0
47,0
320,0
81,0
67,0
137,0
42,0
14,0
48,0
108,0
47,0
65,0
125,0
85,0
90,0
75,0
91,0
53,0
22,0
17,0
118,0
14,0
158,0
164,0
88,0
196,0
152,0
94,0
49,0
2917,0
97,0
19,0
41,0
69,0
42,0
177,0
271,0
69,0
195,0
95,0
141,0
314,0
64,0
189,0
258,0
52,0
61,0
35,0
95,0
69,0
98,0
472,0
128,0
95,0
56,0
21,0
283,0
432,0
115,0
22,0
58,0
206,0
42,0
69,0
964,0
124,0
20,0
241,0
129,0
104,0
41,0
89,0
1731,0
188,0
48,0
159,0
149,0
121,0
367,0
49,0
129,0
68,0
142,0
97,0
23,0
26,0
88,0
61,0
68,0
60,0
42,0
90,0
12,0
10,0
188,0
79,0
89,0
51,0
122,0
437,0
21,0
99,0
370,0
14,0
211,0
87,0
75,0
71,0
209,0
279,0
100,0
34,0
163,0
80,0
128,0
114,0
81,0
299,0
109,0
15,0
82,0
41,0
253,0
78,0
558,0
60,0
31,0
64,0
81,0
240,0
29,0
181,0
71,0
105,0
160,0
38,0
118,0
75,0
10,0
28,0
92,0
104,0
442,0
11,0
184,0
178,0
43,0
13,0
98,0
46,0
50,0
40,0
97,0
224,0
21,0
131,0
18,0
90,0
170,0
80,0
413,0
276,0
79,0
49,0
61,0
210,0
224,0
60,0
31,0
12,0
59,0
666,0
76,0
18,0
100,0
118,0
100,0
62,0
161,0
155,0
72,0
178,0
48,0
62,0
245,0
227,0
49,0
190,0
220,0
160,0
14,0
52,0
163,0
98,0
83,0
103,0
20,0
714,0
43,0
157,0
232,0
48,0
143,0
107,0
16,0
243,0
28,0
199,0
117,0
56,0
92,0
26,0
100,0
213,0
43,0
224,0
407,0
2976,0
26,0
50,0
88,0
17,0
247,0
45,0
54,0
108,0
13,0
221,0
274,0
44,0
272,0
32,0
551,0
259,0
176,0
202,0
17,0
96,0
103,0
26,0
11,0
20,0
518,0
83,0
75,0
72,0
284,0
44,0
15,0
98,0
82,0
195,0
27,0
97,0
1220,0
64,0
53,0
46,0
212,0
248,0
61,0
28,0
351,0
59,0
123,0
73,0
53,0
112,0
79,0
32,0
122,0
103,0
232,0
316,0
54,0
102,0
36,0
154,0
4902,0
46,0
10,0
355,0
33,0
65,0
11,0
12,0
334,0
55,0
71,0
65,0
117,0
158,0
11,0
63,0
322,0
35,0
142,0
96,0
357,0
301,0
290,0
138,0
96,0
59,0
330,0
164,0
28,0
141,0
475,0
59,0
19,0
31,0
46,0
125,0
31,0
189,0
216,0
24,0
234,0
91,0
22,0
47,0
134,0
104,0
15,0
1144,0
74,0
90,0
133,0
159,0
180,0
38,0
296,0
197,0
171,0
73,0
230,0
177,0
106,0
296,0
119,0
21,0
48,0
152,0
254,0
195,0
135,0
28,0
27,0
387,0
2658,0
59,0
21,0
83,0
88,0
20,0
194,0
108,0
301,0
72,0
56,0
29,0
137,0
18,0
54,0
260,0
120,0
146,0
98,0
95,0
197,0
203,0
4715,0
24,0
128,0
100,0
15,0
361,0
48,0
312,0
10,0
43,0
177,0
151,0
199,0
15,0
101,0
32,0
51,0
91,0
161,0
122,0
33,0
116,0
113,0
132,0
71,0
53,0
414,0
257,0
361,0
60,0
57,0
185,0
104,0
25,0
90,0
122,0
162,0
94,0
70,0
63,0
171,0
396,0
32,0
20,0
153,0
56,0
347,0
69,0
25,0
513,0
127,0
55,0
246,0
40,0
169,0
202,0
576,0
117,0
172,0
22,0
12,0
223,0
21,0
71,0
284,0
324,0
256,0
53,0
119,0
27,0
94,0
173,0
20,0
144,0
34,0
12,0
90,0
217,0
291,0
245,0
203,0
10,0
38,0
10,0
91,0
57,0
33,0
272,0
139,0
148,0
63,0
105,0
40,0
18,0
389,0
22,0
164,0
86,0
289,0
186,0
18,0
58,0
62,0
173,0
26,0
105,0
14,0
99,0
76,0
71,0
104,0
147,0
32,0
43,0
74,0
107,0
40,0
328,0
27,0
115,0
79,0
136,0
208,0
123,0
62,0
38,0
463,0
99,0
10,0
88,0
232,0
59,0
144,0
268,0
26,0
126,0
42,0
323,0
12,0
99,0
175,0
97,0
168,0
215,0
655,0
77,0
68,0
81,0
143,0
228,0
30,0
114,0
39,0
28,0
104,0
235,0
88,0
66,0
23,0
15,0
151,0
87,0
118,0
204,0
130,0
117,0
99,0
139,0
11,0
123,0
29,0
30,0
222,0
18,0
48,0
196,0
604,0
28,0
17,0
134,0
12,0
44,0
120,0
263,0
57,0
188,0
100,0
162,0
141,0
327,0
82,0
43,0
297,0
66,0
70,0
16,0
51,0
77,0
113,0
31,0
886,0
161,0
271,0
73,0
48,0
155,0
47,0
217,0
80,0
167,0
75,0
413,0
64,0
88,0
234,0
80,0
23,0
208,0
11,0
251,0
90,0
167,0
148,0
33,0
26,0
60,0
10,0
60,0
44,0
114,0
33,0
11,0
2710,0
56,0
195,0
23,0
176,0
233,0
82,0
46,0
32,0
114,0
12,0
55,0
69,0
69,0
121,0
66,0
212,0
444,0
51,0
88,0
174,0
165,0
49,0
270,0
58,0
89,0
159,0
12,0
170,0
34,0
382,0
108,0
75,0
387,0
11,0
18,0
142,0
155,0
73,0
20,0
89,0
175,0
2427,0
258,0
76,0
158,0
14,0
137,0
137,0
191,0
449,0
131,0
147,0
148,0
436,0
459,0
231,0
123,0
66,0
311,0
32,0
81,0
18,0
59,0
130,0
222,0
18,0
363,0
138,0
140,0
318,0
79,0
81,0
14,0
288,0
25,0
50,0
54,0
221,0
86,0
139,0
40,0
133,0
38,0
77,0
330,0
52,0
14,0
266,0
88,0
28,0
111,0
19,0
194,0
221,0
79,0
165,0
95,0
105,0
67,0
98,0
97,0
270,0
170,0
289,0
58,0
107,0
44,0
30,0
195,0
51,0
67,0
1182,0
150,0
297,0
227,0
145,0
47,0
15,0
63,0
37,0
95,0
133,0
134,0
154,0
72,0
49,0
70,0
135,0
14,0
104,0
31,0
178,0
20,0
76,0
48,0
469,0
196,0
66,0
101,0
94,0
126,0
51,0
15,0
4980,0
33,0
117,0
313,0
106,0
35,0
142,0
412,0
62,0
203,0
35,0
41,0
254,0
179,0
296,0
122,0
339,0
94,0
31,0
69,0
408,0
180,0
158,0
113,0
561,0
692,0
72,0
137,0
170,0
25,0
46,0
67,0
95,0
372,0
49,0
74,0
12,0
384,0
215,0
149,0
103,0
101,0
172,0
116,0
183,0
39,0
40,0
124,0
512,0
240,0
505,0
393,0
61,0
208,0
15,0
47,0
139,0
55,0
28,0
61,0
92,0
101,0
87,0
46,0
321,0
310,0
23,0
149,0
55,0
34,0
3901,0
133,0
247,0
79,0
68,0
38,0
191,0
214,0
65,0
83,0
86,0
61,0
30,0
124,0
33,0
31,0
143,0
24,0
58,0
186,0
2487,0
32,0
89,0
163,0
289,0
68,0
86,0
161,0
24,0
231,0
22,0
117,0
179,0
225,0
103,0
187,0
138,0
285,0
31,0
39,0
295,0
173,0
142,0
99,0
762,0
17,0
95,0
18,0
81,0
181,0
27,0
107,0
252,0
135,0
96,0
48,0
130,0
34,0
107,0
56,0
16,0
102,0
107,0
261,0
205,0
59,0
100,0
13,0
212,0
4613,0
245,0
24,0
56,0
17,0
42,0
199,0
540,0
129,0
288,0
166,0
41,0
3663,0
76,0
18,0
339,0
56,0
53,0
61,0
59,0
261,0
104,0
60,0
287,0
157,0
305,0
53,0
175,0
216,0
431,0
381,0
358,0
260,0
236,0
247,0
25,0
80,0
238,0
14,0
21,0
22,0
28,0
137,0
22,0
60,0
37,0
122,0
51,0
235,0
298,0
27,0
48,0
58,0
162,0
183,0
17,0
276,0
331,0
59,0
93,0
262,0
59,0
111,0
10,0
131,0
173,0
60,0
239,0
203,0
49,0
73,0
300,0
27,0
59,0
92,0
125,0
75,0
244,0
212,0
77,0
255,0
326,0
28,0
405,0
342,0
120,0
22,0
90,0
443,0
36,0
68,0
119,0
100,0
14,0
80,0
267,0
89,0
121,0
164,0
60,0
111,0
31,0
50,0
371,0
68,0
46,0
226,0
13,0
223,0
331,0
19,0
104,0
177,0
165,0
192,0
31,0
125,0
80,0
104,0
12,0
35,0
142,0
115,0
21,0
107,0
275,0
141,0
203,0
11,0
19,0
225,0
23,0
63,0
233,0
220,0
1922,0
114,0
10,0
84,0
194,0
206,0
69,0
40,0
13,0
74,0
237,0
57,0
37,0
64,0
14,0
460,0
227,0
170,0
39,0
52,0
172,0
34,0
49,0
206,0
113,0
317,0
68,0
186,0
133,0
153,0
15,0
41,0
92,0
20,0
270,0
57,0
417,0
128,0
76,0
3011,0
99,0
145,0
76,0
17,0
48,0
23,0
93,0
17,0
24,0
316,0
487,0
152,0
518,0
442,0
71,0
146,0
152,0
162,0
174,0
23,0
148,0
29,0
172,0
185,0
293,0
315,0
116,0
90,0
78,0
334,0
203,0
219,0
27,0
86,0
57,0
91,0
75,0
86,0
187,0
42,0
78,0
117,0
105,0
16,0
75,0
278,0
140,0
25,0
53,0
44,0
340,0
35,0
186,0
60,0
56,0
23,0
111,0
174,0
127,0
93,0
128,0
133,0
98,0
592,0
47,0
158,0
227,0
14,0
345,0
187,0
12,0
135,0
171,0
306,0
37,0
131,0
73,0
107,0
56,0
21,0
141,0
418,0
65,0
20,0
79,0
156,0
18,0
359,0
169,0
31,0
4694,0
307,0
189,0
256,0
56,0
174,0
530,0
94,0
96,0
16,0
39,0
28,0
111,0
169,0
84,0
11,0
134,0
411,0
39,0
109,0
121,0
85,0
330,0
143,0
222,0
460,0
98,0
23,0
55,0
165,0
177,0
236,0
59,0
110,0
145,0
12,0
86,0
302,0
43,0
99,0
47,0
73,0
89,0
185,0
123,0
52,0
21,0
47,0
130,0
180,0
34,0
87,0
20,0
33,0
45,0
59,0
146,0
51,0
105,0
328,0
131,0
219,0
213,0
33,0
52,0
10,0
62,0
265,0
82,0
256,0
58,0
85,0
156,0
156,0
111,0
28,0
3476,0
193,0
209,0
118,0
42,0
43,0
12,0
57,0
269,0
24,0
221,0
56,0
43,0
93,0
47,0
388,0
242,0
49,0
17,0
150,0
715,0
287,0
15,0
31,0
20,0
35,0
66,0
112,0
4828,0
66,0
61,0
148,0
18,0
372,0
208,0
101,0
354,0
327,0
117,0
22,0
46,0
35,0
22,0
248,0
83,0
206,0
143,0
75,0
31,0
121,0
118,0
10,0
81,0
113,0
236,0
52,0
79,0
127,0
363,0
93,0
73,0
55,0
228,0
130,0
259,0
26,0
3758,0
56,0
97,0
113,0
156,0
67,0
130,0
41,0
4999,0
252,0
134,0
37,0
552,0
143,0
175,0
265,0
126,0
13,0
141,0
55,0
398,0
162,0
205,0
339,0
34,0
85,0
229,0
102,0
78,0
31,0
55,0
38,0
207,0
26,0
115,0
17,0
232,0
47,0
111,0
244,0
351,0
13,0
125,0
281,0
42,0
378,0
537,0
190,0
168,0
15,0
223,0
67,0
120,0
238,0
105,0
24,0
36,0
109,0
268,0
14,0
271,0
137,0
60,0
169,0
49,0
173,0
310,0
37,0
407,0
164,0
97,0
127,0
134,0
45,0
116,0
112,0
48,0
197,0
59,0
432,0
265,0
114,0
90,0
41,0
14,0
87,0
43,0
40,0
59,0
23,0
360,0
199,0
84,0
39,0
63,0
32,0
106,0
42,0
151,0
10,0
438,0
72,0
56,0
14,0
181,0
130,0
180,0
393,0
59,0
109,0
49,0
208,0
62,0
188,0
154,0
268,0
22,0
105,0
117,0
23,0
254,0
42,0
312,0
16,0
244,0
27,0
142,0
41,0
25,0
147,0
125,0
14,0
144,0
93,0
28,0
70,0
85,0
77,0
260,0
18,0
95,0
225,0
43,0
49,0
57,0
236,0
22,0
23,0
104,0
76,0
242,0
353,0
18,0
81,0
32,0
101,0
11,0
13,0
17,0
287,0
68,0
89,0
119,0
14,0
537,0
293,0
78,0
344,0
44,0
29,0
27,0
13,0
170,0
87,0
191,0
32,0
100,0
483,0
384,0
167,0
547,0
251,0
32,0
24,0
22,0
190,0
242,0
57,0
122,0
148,0
21,0
208,0
209,0
194,0
45,0
14,0
245,0
163,0
191,0
54,0
116,0
12,0
146,0
46,0
169,0
101,0
489,0
81,0
172,0
32,0
105,0
131,0
265,0
527,0
77,0
24,0
77,0
179,0
232,0
173,0
111,0
78,0
20,0
82,0
312,0
111,0
142,0
40,0
132,0
109,0
36,0
38,0
66,0
69,0
130,0
83,0
3517,0
154,0
1374,0
66,0
188,0
95,0
168,0
144,0
265,0
59,0
164,0
118,0
93,0
50,0
83,0
664,0
77,0
29,0
213,0
15,0
92,0
147,0
21,0
41,0
205,0
86,0
52,0
10,0
123,0
94,0
110,0
100,0
30,0
3735,0
75,0
57,0
20,0
126,0
36,0
205,0
45,0
52,0
336,0
141,0
88,0
151,0
90,0
55,0
499,0
81,0
154,0
18,0
38,0
144,0
20,0
263,0
189,0
105,0
109,0
10,0
294,0
80,0
14,0
191,0
15,0
121,0
357,0
124,0
45,0
186,0
284,0
136,0
142,0
83,0
137,0
142,0
17,0
255,0
47,0
2150,0
23,0
66,0
101,0
37,0
126,0
199,0
407,0
31,0
23,0
77,0
30,0
72,0
320,0
74,0
112,0
179,0
352,0
12,0
12,0
58,0
218,0
158,0
87,0
23,0
48,0
123,0
176,0
106,0
322,0
66,0
52,0
65,0
10,0
40,0
62,0
31,0
42,0
51,0
186,0
131,0
120,0
87,0
82,0
36,0
125,0
411,0
128,0
13,0
181,0
23,0
67,0
280,0
388,0
277,0
156,0
38,0
234,0
16,0
395,0
301,0
124,0
65,0
86,0
345,0
57,0
588,0
144,0
105,0
57,0
280,0
64,0
26,0
65,0
157,0
465,0
126,0
3909,0
19,0
138,0
122,0
10,0
243,0
496,0
75,0
80,0
155,0
89,0
137,0
199,0
92,0
2037,0
148,0
22,0
89,0
54,0
260,0
114,0
121,0
34,0
96,0
97,0
70,0
181,0
60,0
140,0
32,0
167,0
91,0
78,0
444,0
336,0
69,0
119,0
375,0
195,0
155,0
103,0
80,0
314,0
46,0
128,0
72,0
148,0
213,0
23,0
201,0
237,0
219,0
147,0
3758,0
21,0
3438,0
78,0
139,0
156,0
57,0
2450,0
54,0
31,0
193,0
58,0
488,0
100,0
1086,0
129,0
3641,0
37,0
574,0
232,0
54,0
58,0
53,0
244,0
84,0
77,0
80,0
285,0
61,0
94,0
81,0
22,0
104,0
53,0
61,0
84,0
149,0
75,0
106,0
63,0
380,0
96,0
152,0
54,0
36,0
40,0
73,0
47,0
84,0
29,0
122,0
124,0
91,0
103,0
52,0
481,0
175,0
628,0
62,0
165,0
201,0
38,0
38,0
31,0
127,0
22,0
55,0
62,0
52,0
49,0
67,0
24,0
549,0
104,0
29,0
247,0
102,0
104,0
214,0
22,0
291,0
96,0
70,0
258,0
176,0
118,0
193,0
75,0
78,0
44,0
252,0
103,0
93,0
137,0
118,0
87,0
22,0
10,0
85,0
16,0
34,0
687,0
134,0
120,0
336,0
31,0
213,0
60,0
325,0
202,0
522,0
280,0
123,0
416,0
105,0
220,0
111,0
295,0
201,0
194,0
202,0
34,0
41,0
131,0
105,0
2784,0
82,0
112,0
56,0
36,0
194,0
241,0
31,0
176,0
241,0
299,0
31,0
60,0
148,0
24,0
23,0
166,0
11,0
46,0
101,0
55,0
234,0
41,0
27,0
94,0
318,0
26,0
71,0
119,0
12,0
16,0
39,0
19,0
115,0
145,0
154,0
63,0
127,0
273,0
120,0
36,0
96,0
15,0
599,0
201,0
182,0
66,0
349,0
12,0
16,0
63,0
104,0
37,0
84,0
305,0
95,0
26,0
118,0
47,0
300,0
27,0
44,0
39,0
16,0
29,0
274,0
27,0
37,0
45,0
37,0
130,0
65,0
10,0
114,0
120,0
70,0
103,0
165,0
64,0
216,0
193,0
151,0
105,0
235,0
225,0
187,0
283,0
296,0
366,0
104,0
12,0
163,0
119,0
10,0
48,0
121,0
275,0
29,0
46,0
326,0
501,0
125,0
132,0
124,0
86,0
148,0
92,0
52,0
43,0
57,0
71,0
48,0
124,0
53,0
11,0
695,0
15,0
84,0
230,0
170,0
140,0
192,0
40,0
239,0
482,0
46,0
59,0
52,0
91,0
76,0
33,0
149,0
253,0
655,0
81,0
195,0
106,0
22,0
90,0
182,0
12,0
150,0
42,0
139,0
22,0
167,0
460,0
141,0
88,0
26,0
491,0
113,0
420,0
14,0
60,0
28,0
26,0
14,0
142,0
151,0
122,0
53,0
101,0
20,0
103,0
262,0
23,0
65,0
34,0
42,0
136,0
16,0
52,0
131,0
4807,0
27,0
10,0
119,0
51,0
31,0
14,0
121,0
109,0
165,0
64,0
232,0
50,0
82,0
38,0
200,0
41,0
49,0
138,0
27,0
83,0
285,0
113,0
142,0
15,0
349,0
121,0
18,0
59,0
53,0
68,0
181,0
238,0
260,0
272,0
84,0
29,0
173,0
129,0
200,0
45,0
190,0
114,0
266,0
24,0
46,0
210,0
62,0
40,0
42,0
239,0
106,0
33,0
37,0
69,0
41,0
86,0
248,0
21,0
137,0
103,0
35,0
27,0
37,0
62,0
402,0
60,0
134,0
154,0
128,0
63,0
675,0
11,0
66,0
13,0
142,0
52,0
17,0
49,0
59,0
58,0
521,0
113,0
16,0
120,0
215,0
170,0
99,0
109,0
28,0
68,0
162,0
178,0
468,0
58,0
134,0
277,0
413,0
12,0
210,0
56,0
42,0
55,0
414,0
29,0
70,0
125,0
293,0
107,0
41,0
12,0
155,0
42,0
243,0
121,0
254,0
29,0
44,0
22,0
43,0
18,0
45,0
74,0
20,0
56,0
26,0
19,0
53,0
275,0
386,0
84,0
35,0
44,0
31,0
99,0
156,0
187,0
371,0
90,0
59,0
96,0
26,0
25,0
156,0
862,0
53,0
94,0
16,0
1056,0
14,0
25,0
336,0
53,0
238,0
90,0
114,0
38,0
160,0
32,0
14,0
74,0
27,0
17,0
27,0
24,0
25,0
375,0
13,0
125,0
111,0
32,0
47,0
121,0
34,0
122,0
23,0
29,0
123,0
25,0
91,0
41,0
124,0
85,0
40,0
23,0
26,0
132,0
44,0
173,0
18,0
64,0
59,0
258,0
79,0
70,0
50,0
131,0
1426,0
259,0
87,0
209,0
64,0
69,0
85,0
73,0
364,0
134,0
134,0
117,0
46,0
20,0
54,0
10,0
247,0
11,0
99,0
176,0
69,0
125,0
237,0
290,0
130,0
394,0
75,0
61,0
62,0
61,0
812,0
173,0
50,0
118,0
23,0
48,0
27,0
28,0
11,0
354,0
377,0
17,0
92,0
21,0
87,0
180,0
106,0
25,0
21,0
162,0
100,0
32,0
76,0
67,0
272,0
59,0
22,0
